pan,tilt,voltage
66.0,47.0,0.7038123167155426
66.0,48.0,0.6647116324535679
66.0,49.0,0.7331378299120235
66.0,50.0,0.7038123167155426
66.0,51.0,0.7086999022482894
66.0,52.0,0.6598240469208211
66.0,53.0,0.6256109481915934
66.0,54.0,0.6598240469208211
66.0,55.0,0.6842619745845552
66.0,56.0,0.7038123167155426
66.0,57.0,0.6842619745845552
66.0,58.0,0.7331378299120235
66.0,59.0,0.7038123167155426
66.0,60.0,0.6647116324535679
66.0,61.0,0.6598240469208211
66.0,62.0,0.6842619745845552
66.0,63.0,0.6842619745845552
66.0,64.0,0.7038123167155426
66.0,65.0,0.7038123167155426
66.0,66.0,0.7086999022482894
66.0,67.0,0.6647116324535679
66.0,68.0,0.6647116324535679
66.0,69.0,0.7038123167155426
66.0,70.0,0.7282502443792767
66.0,71.0,0.7282502443792767
66.0,72.0,0.7282502443792767
66.0,73.0,0.7233626588465298
66.0,74.0,0.7086999022482894
66.0,75.0,0.7086999022482894
66.0,76.0,0.7038123167155426
66.0,77.0,0.7038123167155426
66.0,78.0,0.7233626588465298
66.0,79.0,0.7331378299120235
66.0,80.0,0.6647116324535679
66.0,81.0,0.7282502443792767
66.0,82.0,0.6647116324535679
66.0,83.0,0.7331378299120235
66.0,84.0,0.6647116324535679
66.0,85.0,0.7038123167155426
66.0,86.0,0.7038123167155426
66.0,87.0,0.6451612903225806
66.0,88.0,0.7086999022482894
66.0,89.0,0.6647116324535679
66.0,90.0,0.6647116324535679
66.0,91.0,0.6647116324535679
66.0,92.0,0.7331378299120235
66.0,93.0,0.7038123167155426
66.0,94.0,0.7038123167155426
66.0,95.0,0.6647116324535679
66.0,96.0,0.7331378299120235
66.0,97.0,0.6647116324535679
66.0,98.0,0.635386119257087
66.0,99.0,0.7380254154447703
66.0,100.0,0.7038123167155426
66.0,101.0,0.7282502443792767
66.0,102.0,0.6647116324535679
66.0,103.0,0.7233626588465298
66.0,104.0,0.6451612903225806
66.0,105.0,0.7086999022482894
66.0,106.0,0.6647116324535679
66.0,107.0,0.7038123167155426
66.0,108.0,0.6451612903225806
66.0,109.0,0.7086999022482894
66.0,110.0,0.6451612903225806
66.0,111.0,0.6256109481915934
66.0,112.0,0.6256109481915934
66.0,113.0,0.6842619745845552
66.0,114.0,0.6256109481915934
66.0,115.0,0.6451612903225806
66.0,116.0,0.6549364613880743
67.0,47.0,0.6256109481915934
67.0,48.0,0.6647116324535679
67.0,49.0,0.7086999022482894
67.0,50.0,0.6647116324535679
67.0,51.0,0.8455522971652004
67.0,52.0,0.6598240469208211
67.0,53.0,0.6256109481915934
67.0,54.0,0.6256109481915934
67.0,55.0,0.6451612903225806
67.0,56.0,0.7038123167155426
67.0,57.0,0.6451612903225806
67.0,58.0,0.7086999022482894
67.0,59.0,0.7038123167155426
67.0,60.0,0.6647116324535679
67.0,61.0,0.6842619745845552
67.0,62.0,0.7869012707722385
67.0,63.0,0.6451612903225806
67.0,64.0,0.6842619745845552
67.0,65.0,0.6256109481915934
67.0,66.0,0.6842619745845552
67.0,67.0,0.6256109481915934
67.0,68.0,0.7282502443792767
67.0,69.0,0.7282502443792767
67.0,70.0,0.7282502443792767
67.0,71.0,0.7282502443792767
67.0,72.0,0.7038123167155426
67.0,73.0,0.7038123167155426
67.0,74.0,0.7233626588465298
67.0,75.0,0.7331378299120235
67.0,76.0,0.6647116324535679
67.0,77.0,0.7038123167155426
67.0,78.0,0.7038123167155426
67.0,79.0,0.7282502443792767
67.0,80.0,0.6647116324535679
67.0,81.0,0.6647116324535679
67.0,82.0,0.7038123167155426
67.0,83.0,0.7282502443792767
67.0,84.0,0.7331378299120235
67.0,85.0,0.7282502443792767
67.0,86.0,0.7233626588465298
67.0,87.0,0.6647116324535679
67.0,88.0,0.7282502443792767
67.0,89.0,0.7233626588465298
67.0,90.0,0.7038123167155426
67.0,91.0,0.7038123167155426
67.0,92.0,0.7331378299120235
67.0,93.0,0.7233626588465298
67.0,94.0,0.7038123167155426
67.0,95.0,0.8602150537634409
67.0,96.0,0.7282502443792767
67.0,97.0,0.7282502443792767
67.0,98.0,0.635386119257087
67.0,99.0,0.7038123167155426
67.0,100.0,0.7086999022482894
67.0,101.0,0.7038123167155426
67.0,102.0,0.7282502443792767
67.0,103.0,0.6744868035190615
67.0,104.0,0.7038123167155426
67.0,105.0,0.7086999022482894
67.0,106.0,0.7038123167155426
67.0,107.0,0.6842619745845552
67.0,108.0,0.6451612903225806
67.0,109.0,0.7086999022482894
67.0,110.0,0.8602150537634409
67.0,111.0,0.6647116324535679
67.0,112.0,0.6451612903225806
67.0,113.0,0.6256109481915934
67.0,114.0,0.6598240469208211
67.0,115.0,0.6256109481915934
67.0,116.0,0.6598240469208211
68.0,47.0,0.7038123167155426
68.0,48.0,0.7038123167155426
68.0,49.0,0.6647116324535679
68.0,50.0,0.6842619745845552
68.0,51.0,0.6451612903225806
68.0,52.0,0.6256109481915934
68.0,53.0,0.6842619745845552
68.0,54.0,0.7086999022482894
68.0,55.0,0.6451612903225806
68.0,56.0,0.6647116324535679
68.0,57.0,0.6647116324535679
68.0,58.0,0.7086999022482894
68.0,59.0,0.8602150537634409
68.0,60.0,0.7282502443792767
68.0,61.0,0.635386119257087
68.0,62.0,0.6647116324535679
68.0,63.0,0.6256109481915934
68.0,64.0,0.7038123167155426
68.0,65.0,0.6647116324535679
68.0,66.0,0.6647116324535679
68.0,67.0,0.6842619745845552
68.0,68.0,0.7038123167155426
68.0,69.0,0.6451612903225806
68.0,70.0,0.7038123167155426
68.0,71.0,0.7086999022482894
68.0,72.0,0.6451612903225806
68.0,73.0,0.7233626588465298
68.0,74.0,0.6647116324535679
68.0,75.0,0.7282502443792767
68.0,76.0,0.7282502443792767
68.0,77.0,0.7233626588465298
68.0,78.0,0.6647116324535679
68.0,79.0,0.6647116324535679
68.0,80.0,0.6842619745845552
68.0,81.0,0.7038123167155426
68.0,82.0,0.7038123167155426
68.0,83.0,0.7282502443792767
68.0,84.0,0.7282502443792767
68.0,85.0,0.6744868035190615
68.0,86.0,0.7282502443792767
68.0,87.0,0.6647116324535679
68.0,88.0,0.7086999022482894
68.0,89.0,0.6647116324535679
68.0,90.0,0.7331378299120235
68.0,91.0,0.6842619745845552
68.0,92.0,0.7086999022482894
68.0,93.0,0.7038123167155426
68.0,94.0,0.6647116324535679
68.0,95.0,0.6451612903225806
68.0,96.0,0.7038123167155426
68.0,97.0,0.7282502443792767
68.0,98.0,0.6647116324535679
68.0,99.0,0.7038123167155426
68.0,100.0,0.6647116324535679
68.0,101.0,0.7086999022482894
68.0,102.0,0.6647116324535679
68.0,103.0,0.7282502443792767
68.0,104.0,0.6451612903225806
68.0,105.0,0.6842619745845552
68.0,106.0,0.6451612903225806
68.0,107.0,0.6451612903225806
68.0,108.0,0.6451612903225806
68.0,109.0,0.7038123167155426
68.0,110.0,0.7038123167155426
68.0,111.0,0.6647116324535679
68.0,112.0,0.6256109481915934
68.0,113.0,0.635386119257087
68.0,114.0,0.6647116324535679
68.0,115.0,0.6256109481915934
68.0,116.0,0.6256109481915934
69.0,47.0,0.6598240469208211
69.0,48.0,0.6598240469208211
69.0,49.0,0.6451612903225806
69.0,50.0,0.7086999022482894
69.0,51.0,0.6647116324535679
69.0,52.0,0.7429130009775171
69.0,53.0,0.6256109481915934
69.0,54.0,0.7086999022482894
69.0,55.0,0.6451612903225806
69.0,56.0,0.6647116324535679
69.0,57.0,0.7038123167155426
69.0,58.0,0.7429130009775171
69.0,59.0,0.7086999022482894
69.0,60.0,0.7038123167155426
69.0,61.0,0.6256109481915934
69.0,62.0,0.6451612903225806
69.0,63.0,0.7086999022482894
69.0,64.0,0.7038123167155426
69.0,65.0,0.6647116324535679
69.0,66.0,0.7038123167155426
69.0,67.0,0.7331378299120235
69.0,68.0,0.6647116324535679
69.0,69.0,0.7038123167155426
69.0,70.0,0.7038123167155426
69.0,71.0,0.7038123167155426
69.0,72.0,0.7526881720430108
69.0,73.0,0.7526881720430108
69.0,74.0,0.7526881720430108
69.0,75.0,0.7038123167155426
69.0,76.0,0.7331378299120235
69.0,77.0,0.6647116324535679
69.0,78.0,0.7282502443792767
69.0,79.0,0.7038123167155426
69.0,80.0,0.7820136852394917
69.0,81.0,0.7233626588465298
69.0,82.0,0.7135874877810362
69.0,83.0,0.7771260997067448
69.0,84.0,0.7820136852394917
69.0,85.0,0.7233626588465298
69.0,86.0,0.7771260997067448
69.0,87.0,0.7771260997067448
69.0,88.0,0.7820136852394917
69.0,89.0,0.8015640273704789
69.0,90.0,0.7429130009775171
69.0,91.0,0.7429130009775171
69.0,92.0,0.7429130009775171
69.0,93.0,0.7820136852394917
69.0,94.0,0.7771260997067448
69.0,95.0,0.7526881720430108
69.0,96.0,0.7771260997067448
69.0,97.0,0.7820136852394917
69.0,98.0,0.7771260997067448
69.0,99.0,0.7429130009775171
69.0,100.0,0.7135874877810362
69.0,101.0,0.7820136852394917
69.0,102.0,0.7771260997067448
69.0,103.0,0.7038123167155426
69.0,104.0,0.7429130009775171
69.0,105.0,0.7038123167155426
69.0,106.0,0.7282502443792767
69.0,107.0,0.7038123167155426
69.0,108.0,0.7038123167155426
69.0,109.0,0.7282502443792767
69.0,110.0,0.7086999022482894
69.0,111.0,0.6451612903225806
69.0,112.0,0.6256109481915934
69.0,113.0,0.7038123167155426
69.0,114.0,0.6842619745845552
69.0,115.0,0.6793743890518084
69.0,116.0,0.6647116324535679
70.0,47.0,0.7038123167155426
70.0,48.0,0.7282502443792767
70.0,49.0,0.7820136852394917
70.0,50.0,0.7526881720430108
70.0,51.0,0.7526881720430108
70.0,52.0,0.7038123167155426
70.0,53.0,0.6647116324535679
70.0,54.0,0.7038123167155426
70.0,55.0,0.7282502443792767
70.0,56.0,0.6647116324535679
70.0,57.0,0.7429130009775171
70.0,58.0,0.7526881720430108
70.0,59.0,0.7820136852394917
70.0,60.0,0.7624633431085044
70.0,61.0,0.7038123167155426
70.0,62.0,0.8211143695014663
70.0,63.0,0.7038123167155426
70.0,64.0,0.7038123167155426
70.0,65.0,0.7038123167155426
70.0,66.0,0.7233626588465298
70.0,67.0,0.7771260997067448
70.0,68.0,0.8015640273704789
70.0,69.0,0.7966764418377321
70.0,70.0,0.7429130009775171
70.0,71.0,0.8015640273704789
70.0,72.0,0.8015640273704789
70.0,73.0,0.7429130009775171
70.0,74.0,0.8015640273704789
70.0,75.0,0.8015640273704789
70.0,76.0,0.7771260997067448
70.0,77.0,0.7135874877810362
70.0,78.0,0.7233626588465298
70.0,79.0,0.7429130009775171
70.0,80.0,0.7820136852394917
70.0,81.0,0.7429130009775171
70.0,82.0,0.7966764418377321
70.0,83.0,0.8015640273704789
70.0,84.0,0.8211143695014663
70.0,85.0,0.8015640273704789
70.0,86.0,0.8015640273704789
70.0,87.0,0.8015640273704789
70.0,88.0,0.7233626588465298
70.0,89.0,0.8015640273704789
70.0,90.0,0.7820136852394917
70.0,91.0,0.7429130009775171
70.0,92.0,0.7429130009775171
70.0,93.0,0.7820136852394917
70.0,94.0,0.7233626588465298
70.0,95.0,0.9335288367546432
70.0,96.0,0.7771260997067448
70.0,97.0,0.8015640273704789
70.0,98.0,0.7526881720430108
70.0,99.0,0.7526881720430108
70.0,100.0,0.7429130009775171
70.0,101.0,0.7038123167155426
70.0,102.0,0.7526881720430108
70.0,103.0,0.7429130009775171
70.0,104.0,0.7429130009775171
70.0,105.0,0.7429130009775171
70.0,106.0,0.7331378299120235
70.0,107.0,0.7038123167155426
70.0,108.0,0.7282502443792767
70.0,109.0,0.7038123167155426
70.0,110.0,0.6647116324535679
70.0,111.0,0.7038123167155426
70.0,112.0,0.6451612903225806
70.0,113.0,0.6256109481915934
70.0,114.0,0.6256109481915934
70.0,115.0,0.6842619745845552
70.0,116.0,0.6256109481915934
71.0,47.0,0.7820136852394917
71.0,48.0,0.7233626588465298
71.0,49.0,0.7233626588465298
71.0,50.0,0.7429130009775171
71.0,51.0,0.7820136852394917
71.0,52.0,0.7771260997067448
71.0,53.0,0.6647116324535679
71.0,54.0,0.6744868035190615
71.0,55.0,0.7038123167155426
71.0,56.0,0.7282502443792767
71.0,57.0,0.7429130009775171
71.0,58.0,0.7429130009775171
71.0,59.0,0.8797653958944281
71.0,60.0,0.7820136852394917
71.0,61.0,0.7233626588465298
71.0,62.0,0.7429130009775171
71.0,63.0,0.7429130009775171
71.0,64.0,0.7526881720430108
71.0,65.0,0.7038123167155426
71.0,66.0,0.7429130009775171
71.0,67.0,0.7820136852394917
71.0,68.0,0.7429130009775171
71.0,69.0,0.7429130009775171
71.0,70.0,0.8015640273704789
71.0,71.0,0.7820136852394917
71.0,72.0,0.8211143695014663
71.0,73.0,0.8211143695014663
71.0,74.0,0.8211143695014663
71.0,75.0,0.8211143695014663
71.0,76.0,0.8211143695014663
71.0,77.0,0.8015640273704789
71.0,78.0,0.7820136852394917
71.0,79.0,0.8211143695014663
71.0,80.0,0.8015640273704789
71.0,81.0,0.8260019550342131
71.0,82.0,0.8211143695014663
71.0,83.0,0.7429130009775171
71.0,84.0,0.7429130009775171
71.0,85.0,0.7820136852394917
71.0,86.0,0.7820136852394917
71.0,87.0,0.8211143695014663
71.0,88.0,0.8015640273704789
71.0,89.0,0.7429130009775171
71.0,90.0,0.7429130009775171
71.0,91.0,0.7820136852394917
71.0,92.0,0.8064516129032258
71.0,93.0,0.7820136852394917
71.0,94.0,0.8015640273704789
71.0,95.0,0.7624633431085044
71.0,96.0,0.8015640273704789
71.0,97.0,0.7820136852394917
71.0,98.0,0.7429130009775171
71.0,99.0,0.7038123167155426
71.0,100.0,0.7771260997067448
71.0,101.0,0.7820136852394917
71.0,102.0,0.772238514173998
71.0,103.0,0.7820136852394917
71.0,104.0,0.7233626588465298
71.0,105.0,0.7526881720430108
71.0,106.0,0.6842619745845552
71.0,107.0,0.7233626588465298
71.0,108.0,0.7282502443792767
71.0,109.0,0.7331378299120235
71.0,110.0,0.7233626588465298
71.0,111.0,0.6647116324535679
71.0,112.0,0.6256109481915934
71.0,113.0,0.7038123167155426
71.0,114.0,0.6842619745845552
71.0,115.0,0.6256109481915934
71.0,116.0,0.7038123167155426
72.0,47.0,0.6647116324535679
72.0,48.0,0.6647116324535679
72.0,49.0,0.7771260997067448
72.0,50.0,0.7820136852394917
72.0,51.0,0.7135874877810362
72.0,52.0,0.7038123167155426
72.0,53.0,0.7526881720430108
72.0,54.0,0.7331378299120235
72.0,55.0,0.6647116324535679
72.0,56.0,0.6451612903225806
72.0,57.0,0.7038123167155426
72.0,58.0,0.7820136852394917
72.0,59.0,0.7429130009775171
72.0,60.0,0.7771260997067448
72.0,61.0,0.7771260997067448
72.0,62.0,0.8015640273704789
72.0,63.0,0.8015640273704789
72.0,64.0,0.7771260997067448
72.0,65.0,0.7429130009775171
72.0,66.0,0.8015640273704789
72.0,67.0,0.8015640273704789
72.0,68.0,0.8015640273704789
72.0,69.0,0.7429130009775171
72.0,70.0,0.7820136852394917
72.0,71.0,0.7820136852394917
72.0,72.0,0.7233626588465298
72.0,73.0,0.8015640273704789
72.0,74.0,0.7820136852394917
72.0,75.0,0.8260019550342131
72.0,76.0,0.7820136852394917
72.0,77.0,0.8015640273704789
72.0,78.0,0.8211143695014663
72.0,79.0,0.7820136852394917
72.0,80.0,0.8015640273704789
72.0,81.0,0.8211143695014663
72.0,82.0,0.7820136852394917
72.0,83.0,0.7820136852394917
72.0,84.0,0.8015640273704789
72.0,85.0,0.7820136852394917
72.0,86.0,0.7429130009775171
72.0,87.0,0.9970674486803519
72.0,88.0,0.8015640273704789
72.0,89.0,0.7966764418377321
72.0,90.0,0.8015640273704789
72.0,91.0,0.7820136852394917
72.0,92.0,0.7820136852394917
72.0,93.0,0.7820136852394917
72.0,94.0,0.7820136852394917
72.0,95.0,0.8015640273704789
72.0,96.0,0.7429130009775171
72.0,97.0,0.7771260997067448
72.0,98.0,0.8015640273704789
72.0,99.0,0.7135874877810362
72.0,100.0,0.7820136852394917
72.0,101.0,0.7820136852394917
72.0,102.0,0.7771260997067448
72.0,103.0,0.7233626588465298
72.0,104.0,0.7135874877810362
72.0,105.0,0.7282502443792767
72.0,106.0,0.7282502443792767
72.0,107.0,0.7038123167155426
72.0,108.0,0.6647116324535679
72.0,109.0,0.7086999022482894
72.0,110.0,0.7038123167155426
72.0,111.0,0.7038123167155426
72.0,112.0,0.6256109481915934
72.0,113.0,0.6647116324535679
72.0,114.0,0.7086999022482894
72.0,115.0,0.7038123167155426
72.0,116.0,0.7038123167155426
73.0,47.0,0.6647116324535679
73.0,48.0,0.7038123167155426
73.0,49.0,0.7038123167155426
73.0,50.0,0.7526881720430108
73.0,51.0,0.7038123167155426
73.0,52.0,0.7233626588465298
73.0,53.0,0.7526881720430108
73.0,54.0,0.7282502443792767
73.0,55.0,0.6647116324535679
73.0,56.0,0.7429130009775171
73.0,57.0,0.7233626588465298
73.0,58.0,0.8406647116324536
73.0,59.0,0.7233626588465298
73.0,60.0,0.7526881720430108
73.0,61.0,0.7233626588465298
73.0,62.0,0.7820136852394917
73.0,63.0,0.8015640273704789
73.0,64.0,0.7429130009775171
73.0,65.0,0.7429130009775171
73.0,66.0,0.7820136852394917
73.0,67.0,0.9286412512218963
73.0,68.0,0.7429130009775171
73.0,69.0,0.7820136852394917
73.0,70.0,0.7820136852394917
73.0,71.0,0.8260019550342131
73.0,72.0,0.7820136852394917
73.0,73.0,0.7624633431085044
73.0,74.0,0.7771260997067448
73.0,75.0,0.8015640273704789
73.0,76.0,0.8015640273704789
73.0,77.0,0.7820136852394917
73.0,78.0,0.7429130009775171
73.0,79.0,0.7820136852394917
73.0,80.0,0.8699902248289345
73.0,81.0,0.7820136852394917
73.0,82.0,0.7820136852394917
73.0,83.0,0.7820136852394917
73.0,84.0,0.8260019550342131
73.0,85.0,0.7820136852394917
73.0,86.0,0.7820136852394917
73.0,87.0,0.7820136852394917
73.0,88.0,0.7820136852394917
73.0,89.0,0.7624633431085044
73.0,90.0,0.8015640273704789
73.0,91.0,0.7820136852394917
73.0,92.0,0.8064516129032258
73.0,93.0,0.8015640273704789
73.0,94.0,0.7820136852394917
73.0,95.0,0.7429130009775171
73.0,96.0,0.7820136852394917
73.0,97.0,0.8015640273704789
73.0,98.0,0.7429130009775171
73.0,99.0,0.7820136852394917
73.0,100.0,0.8015640273704789
73.0,101.0,0.7526881720430108
73.0,102.0,0.7038123167155426
73.0,103.0,0.7282502443792767
73.0,104.0,0.7771260997067448
73.0,105.0,0.7820136852394917
73.0,106.0,0.7429130009775171
73.0,107.0,0.6842619745845552
73.0,108.0,0.7526881720430108
73.0,109.0,0.6647116324535679
73.0,110.0,0.7038123167155426
73.0,111.0,0.6744868035190615
73.0,112.0,0.7038123167155426
73.0,113.0,0.8993157380254154
73.0,114.0,0.7282502443792767
73.0,115.0,0.8797653958944281
73.0,116.0,0.6647116324535679
74.0,47.0,0.7038123167155426
74.0,48.0,0.6451612903225806
74.0,49.0,0.6451612903225806
74.0,50.0,0.7038123167155426
74.0,51.0,0.7038123167155426
74.0,52.0,0.7038123167155426
74.0,53.0,0.7233626588465298
74.0,54.0,0.7233626588465298
74.0,55.0,0.7526881720430108
74.0,56.0,0.7038123167155426
74.0,57.0,0.7135874877810362
74.0,58.0,0.7233626588465298
74.0,59.0,0.7820136852394917
74.0,60.0,0.7771260997067448
74.0,61.0,0.7771260997067448
74.0,62.0,0.8015640273704789
74.0,63.0,0.8015640273704789
74.0,64.0,0.8015640273704789
74.0,65.0,0.7233626588465298
74.0,66.0,0.7820136852394917
74.0,67.0,0.8015640273704789
74.0,68.0,0.7820136852394917
74.0,69.0,0.8015640273704789
74.0,70.0,0.8211143695014663
74.0,71.0,0.8015640273704789
74.0,72.0,0.8015640273704789
74.0,73.0,0.7820136852394917
74.0,74.0,0.8455522971652004
74.0,75.0,0.8211143695014663
74.0,76.0,0.8504398826979472
74.0,77.0,0.8455522971652004
74.0,78.0,0.8211143695014663
74.0,79.0,0.8015640273704789
74.0,80.0,0.8015640273704789
74.0,81.0,0.7820136852394917
74.0,82.0,0.7820136852394917
74.0,83.0,0.7820136852394917
74.0,84.0,0.7820136852394917
74.0,85.0,0.8015640273704789
74.0,86.0,0.8211143695014663
74.0,87.0,0.7820136852394917
74.0,88.0,0.7820136852394917
74.0,89.0,0.8260019550342131
74.0,90.0,0.8015640273704789
74.0,91.0,0.8211143695014663
74.0,92.0,0.8211143695014663
74.0,93.0,0.8015640273704789
74.0,94.0,0.7820136852394917
74.0,95.0,0.8015640273704789
74.0,96.0,0.8015640273704789
74.0,97.0,0.8015640273704789
74.0,98.0,0.7429130009775171
74.0,99.0,0.8699902248289345
74.0,100.0,0.7429130009775171
74.0,101.0,0.7820136852394917
74.0,102.0,0.8015640273704789
74.0,103.0,0.8015640273704789
74.0,104.0,0.7038123167155426
74.0,105.0,0.7624633431085044
74.0,106.0,0.7526881720430108
74.0,107.0,0.7429130009775171
74.0,108.0,0.7282502443792767
74.0,109.0,0.7282502443792767
74.0,110.0,0.7086999022482894
74.0,111.0,0.6647116324535679
74.0,112.0,0.7038123167155426
74.0,113.0,0.7038123167155426
74.0,114.0,0.7038123167155426
74.0,115.0,0.7086999022482894
74.0,116.0,0.6842619745845552
75.0,47.0,0.6647116324535679
75.0,48.0,0.7038123167155426
75.0,49.0,0.7038123167155426
75.0,50.0,0.7526881720430108
75.0,51.0,0.7526881720430108
75.0,52.0,0.7038123167155426
75.0,53.0,0.6647116324535679
75.0,54.0,0.7233626588465298
75.0,55.0,0.7526881720430108
75.0,56.0,0.7526881720430108
75.0,57.0,0.7771260997067448
75.0,58.0,0.7429130009775171
75.0,59.0,0.7820136852394917
75.0,60.0,0.7771260997067448
75.0,61.0,0.7771260997067448
75.0,62.0,0.7233626588465298
75.0,63.0,0.8015640273704789
75.0,64.0,0.8260019550342131
75.0,65.0,0.8211143695014663
75.0,66.0,0.8211143695014663
75.0,67.0,0.8211143695014663
75.0,68.0,0.8260019550342131
75.0,69.0,0.7820136852394917
75.0,70.0,0.8015640273704789
75.0,71.0,0.7820136852394917
75.0,72.0,0.8260019550342131
75.0,73.0,0.8211143695014663
75.0,74.0,0.8015640273704789
75.0,75.0,0.8211143695014663
75.0,76.0,0.8504398826979472
75.0,77.0,0.8211143695014663
75.0,78.0,0.7820136852394917
75.0,79.0,0.8211143695014663
75.0,80.0,0.7820136852394917
75.0,81.0,0.8211143695014663
75.0,82.0,0.8211143695014663
75.0,83.0,0.7820136852394917
75.0,84.0,0.7820136852394917
75.0,85.0,0.8015640273704789
75.0,86.0,0.8211143695014663
75.0,87.0,0.8211143695014663
75.0,88.0,0.8211143695014663
75.0,89.0,0.8504398826979472
75.0,90.0,0.8211143695014663
75.0,91.0,0.7820136852394917
75.0,92.0,0.8211143695014663
75.0,93.0,0.8015640273704789
75.0,94.0,0.7429130009775171
75.0,95.0,0.7820136852394917
75.0,96.0,0.8015640273704789
75.0,97.0,0.8015640273704789
75.0,98.0,0.7820136852394917
75.0,99.0,0.7038123167155426
75.0,100.0,0.7771260997067448
75.0,101.0,0.8113391984359726
75.0,102.0,0.8015640273704789
75.0,103.0,0.7429130009775171
75.0,104.0,0.7233626588465298
75.0,105.0,0.7771260997067448
75.0,106.0,0.7820136852394917
75.0,107.0,0.7429130009775171
75.0,108.0,0.7526881720430108
75.0,109.0,0.7233626588465298
75.0,110.0,0.7038123167155426
75.0,111.0,0.7282502443792767
75.0,112.0,0.7038123167155426
75.0,113.0,0.6647116324535679
75.0,114.0,0.6842619745845552
75.0,115.0,0.7282502443792767
75.0,116.0,0.7282502443792767
76.0,47.0,0.7038123167155426
76.0,48.0,0.6647116324535679
76.0,49.0,0.7233626588465298
76.0,50.0,0.7282502443792767
76.0,51.0,0.7526881720430108
76.0,52.0,0.7135874877810362
76.0,53.0,0.7038123167155426
76.0,54.0,0.7820136852394917
76.0,55.0,0.7526881720430108
76.0,56.0,0.7038123167155426
76.0,57.0,0.7771260997067448
76.0,58.0,0.7233626588465298
76.0,59.0,0.7820136852394917
76.0,60.0,0.7135874877810362
76.0,61.0,0.7429130009775171
76.0,62.0,0.7820136852394917
76.0,63.0,0.8260019550342131
76.0,64.0,0.8015640273704789
76.0,65.0,0.8015640273704789
76.0,66.0,0.8211143695014663
76.0,67.0,0.8211143695014663
76.0,68.0,0.8504398826979472
76.0,69.0,0.8455522971652004
76.0,70.0,0.8455522971652004
76.0,71.0,0.7917888563049853
76.0,72.0,0.8455522971652004
76.0,73.0,0.7820136852394917
76.0,74.0,0.8015640273704789
76.0,75.0,0.8211143695014663
76.0,76.0,0.8015640273704789
76.0,77.0,0.8015640273704789
76.0,78.0,0.7820136852394917
76.0,79.0,0.8211143695014663
76.0,80.0,0.8211143695014663
76.0,81.0,0.8455522971652004
76.0,82.0,0.7917888563049853
76.0,83.0,0.8455522971652004
76.0,84.0,0.7820136852394917
76.0,85.0,0.8260019550342131
76.0,86.0,0.8211143695014663
76.0,87.0,0.8211143695014663
76.0,88.0,0.7820136852394917
76.0,89.0,0.8260019550342131
76.0,90.0,0.8211143695014663
76.0,91.0,0.7820136852394917
76.0,92.0,0.7820136852394917
76.0,93.0,0.7624633431085044
76.0,94.0,0.8211143695014663
76.0,95.0,0.7820136852394917
76.0,96.0,0.8015640273704789
76.0,97.0,0.8015640273704789
76.0,98.0,0.7820136852394917
76.0,99.0,0.7820136852394917
76.0,100.0,0.7429130009775171
76.0,101.0,0.7771260997067448
76.0,102.0,0.7820136852394917
76.0,103.0,0.7771260997067448
76.0,104.0,0.7771260997067448
76.0,105.0,0.7429130009775171
76.0,106.0,0.7820136852394917
76.0,107.0,0.7575757575757576
76.0,108.0,0.7038123167155426
76.0,109.0,0.7526881720430108
76.0,110.0,0.6842619745845552
76.0,111.0,0.7331378299120235
76.0,112.0,0.6695992179863147
76.0,113.0,0.7038123167155426
76.0,114.0,0.6256109481915934
76.0,115.0,0.6842619745845552
76.0,116.0,0.6842619745845552
77.0,47.0,0.7086999022482894
77.0,48.0,0.7086999022482894
77.0,49.0,0.7038123167155426
77.0,50.0,0.7038123167155426
77.0,51.0,0.7282502443792767
77.0,52.0,0.7526881720430108
77.0,53.0,0.7526881720430108
77.0,54.0,0.7429130009775171
77.0,55.0,0.7038123167155426
77.0,56.0,0.7038123167155426
77.0,57.0,0.7526881720430108
77.0,58.0,0.7624633431085044
77.0,59.0,0.7771260997067448
77.0,60.0,0.7526881720430108
77.0,61.0,0.8015640273704789
77.0,62.0,0.7820136852394917
77.0,63.0,0.8015640273704789
77.0,64.0,0.7429130009775171
77.0,65.0,0.8260019550342131
77.0,66.0,0.8211143695014663
77.0,67.0,0.8211143695014663
77.0,68.0,0.8406647116324536
77.0,69.0,0.8455522971652004
77.0,70.0,0.8406647116324536
77.0,71.0,0.8651026392961877
77.0,72.0,0.8651026392961877
77.0,73.0,0.8406647116324536
77.0,74.0,0.8602150537634409
77.0,75.0,0.8602150537634409
77.0,76.0,0.9139784946236559
77.0,77.0,0.9139784946236559
77.0,78.0,0.8895405669599218
77.0,79.0,0.9090909090909091
77.0,80.0,0.8406647116324536
77.0,81.0,0.8602150537634409
77.0,82.0,0.8455522971652004
77.0,83.0,0.8455522971652004
77.0,84.0,0.7917888563049853
77.0,85.0,0.8211143695014663
77.0,86.0,0.8260019550342131
77.0,87.0,0.8211143695014663
77.0,88.0,0.8455522971652004
77.0,89.0,0.7820136852394917
77.0,90.0,0.8260019550342131
77.0,91.0,0.8211143695014663
77.0,92.0,0.7820136852394917
77.0,93.0,0.7820136852394917
77.0,94.0,0.8015640273704789
77.0,95.0,0.8015640273704789
77.0,96.0,0.7820136852394917
77.0,97.0,0.8211143695014663
77.0,98.0,0.7820136852394917
77.0,99.0,0.8015640273704789
77.0,100.0,0.8015640273704789
77.0,101.0,0.7820136852394917
77.0,102.0,0.7038123167155426
77.0,103.0,0.7820136852394917
77.0,104.0,0.7771260997067448
77.0,105.0,0.8015640273704789
77.0,106.0,0.7526881720430108
77.0,107.0,0.7429130009775171
77.0,108.0,0.7771260997067448
77.0,109.0,0.7429130009775171
77.0,110.0,0.7038123167155426
77.0,111.0,0.6647116324535679
77.0,112.0,0.7086999022482894
77.0,113.0,0.7086999022482894
77.0,114.0,0.7086999022482894
77.0,115.0,0.6647116324535679
77.0,116.0,0.6647116324535679
78.0,47.0,0.6647116324535679
78.0,48.0,0.7331378299120235
78.0,49.0,0.6647116324535679
78.0,50.0,0.7282502443792767
78.0,51.0,0.7038123167155426
78.0,52.0,0.7526881720430108
78.0,53.0,0.7429130009775171
78.0,54.0,0.7575757575757576
78.0,55.0,0.7429130009775171
78.0,56.0,0.7429130009775171
78.0,57.0,0.7429130009775171
78.0,58.0,0.7820136852394917
78.0,59.0,0.7771260997067448
78.0,60.0,0.7820136852394917
78.0,61.0,0.7038123167155426
78.0,62.0,0.8015640273704789
78.0,63.0,0.7429130009775171
78.0,64.0,0.7820136852394917
78.0,65.0,0.7820136852394917
78.0,66.0,0.8504398826979472
78.0,67.0,0.8455522971652004
78.0,68.0,0.8651026392961877
78.0,69.0,0.8602150537634409
78.0,70.0,0.8993157380254154
78.0,71.0,0.9628543499511242
78.0,72.0,1.0019550342130987
78.0,73.0,1.0703812316715542
78.0,74.0,1.04594330400782
78.0,75.0,1.0019550342130987
78.0,76.0,0.9384164222873901
78.0,77.0,0.9775171065493646
78.0,78.0,0.9384164222873901
78.0,79.0,0.9579667644183774
78.0,80.0,0.9384164222873901
78.0,81.0,0.9384164222873901
78.0,82.0,0.9090909090909091
78.0,83.0,0.8699902248289345
78.0,84.0,0.8699902248289345
78.0,85.0,0.8015640273704789
78.0,86.0,0.8211143695014663
78.0,87.0,0.7820136852394917
78.0,88.0,0.7820136852394917
78.0,89.0,0.8211143695014663
78.0,90.0,0.8211143695014663
78.0,91.0,0.7771260997067448
78.0,92.0,0.8455522971652004
78.0,93.0,0.8015640273704789
78.0,94.0,0.7820136852394917
78.0,95.0,0.7820136852394917
78.0,96.0,0.8015640273704789
78.0,97.0,0.7429130009775171
78.0,98.0,0.7820136852394917
78.0,99.0,0.8211143695014663
78.0,100.0,0.7820136852394917
78.0,101.0,0.7429130009775171
78.0,102.0,0.8015640273704789
78.0,103.0,0.7233626588465298
78.0,104.0,0.7526881720430108
78.0,105.0,0.7526881720430108
78.0,106.0,0.7038123167155426
78.0,107.0,0.7429130009775171
78.0,108.0,0.7429130009775171
78.0,109.0,0.7526881720430108
78.0,110.0,0.7429130009775171
78.0,111.0,0.7038123167155426
78.0,112.0,0.7038123167155426
78.0,113.0,0.6647116324535679
78.0,114.0,0.7038123167155426
78.0,115.0,0.7038123167155426
78.0,116.0,0.6451612903225806
79.0,47.0,0.7038123167155426
79.0,48.0,0.6451612903225806
79.0,49.0,0.7086999022482894
79.0,50.0,0.7038123167155426
79.0,51.0,0.7038123167155426
79.0,52.0,0.7331378299120235
79.0,53.0,0.7038123167155426
79.0,54.0,0.7820136852394917
79.0,55.0,0.7820136852394917
79.0,56.0,0.7233626588465298
79.0,57.0,0.8015640273704789
79.0,58.0,0.8015640273704789
79.0,59.0,0.8015640273704789
79.0,60.0,0.8015640273704789
79.0,61.0,0.8015640273704789
79.0,62.0,0.7820136852394917
79.0,63.0,0.8260019550342131
79.0,64.0,0.8211143695014663
79.0,65.0,0.8211143695014663
79.0,66.0,0.8015640273704789
79.0,67.0,0.9628543499511242
79.0,68.0,0.9579667644183774
79.0,69.0,1.0557184750733137
79.0,70.0,1.2072336265884653
79.0,71.0,1.3391984359726294
79.0,72.0,1.3391984359726294
79.0,73.0,1.4467253176930597
79.0,74.0,1.5053763440860215
79.0,75.0,1.4858260019550342
79.0,76.0,1.4516129032258065
79.0,77.0,1.4173998044965788
79.0,78.0,1.3294232649071358
79.0,79.0,1.2316715542521994
79.0,80.0,1.0948191593352883
79.0,81.0,1.0557184750733137
79.0,82.0,0.9384164222873901
79.0,83.0,0.9335288367546432
79.0,84.0,0.8944281524926686
79.0,85.0,0.8895405669599218
79.0,86.0,0.8602150537634409
79.0,87.0,0.7917888563049853
79.0,88.0,0.7820136852394917
79.0,89.0,0.8504398826979472
79.0,90.0,0.8455522971652004
79.0,91.0,0.7820136852394917
79.0,92.0,0.8211143695014663
79.0,93.0,0.8455522971652004
79.0,94.0,0.8455522971652004
79.0,95.0,0.8406647116324536
79.0,96.0,0.9384164222873901
79.0,97.0,0.8260019550342131
79.0,98.0,0.7820136852394917
79.0,99.0,0.8015640273704789
79.0,100.0,0.7624633431085044
79.0,101.0,0.7233626588465298
79.0,102.0,0.7771260997067448
79.0,103.0,0.7771260997067448
79.0,104.0,0.7820136852394917
79.0,105.0,0.8015640273704789
79.0,106.0,0.8015640273704789
79.0,107.0,0.8113391984359726
79.0,108.0,0.7135874877810362
79.0,109.0,0.9188660801564027
79.0,110.0,0.7331378299120235
79.0,111.0,0.7233626588465298
79.0,112.0,0.6451612903225806
79.0,113.0,0.7038123167155426
79.0,114.0,0.7038123167155426
79.0,115.0,0.7038123167155426
79.0,116.0,0.6647116324535679
80.0,47.0,0.7038123167155426
80.0,48.0,0.6647116324535679
80.0,49.0,0.7282502443792767
80.0,50.0,0.7038123167155426
80.0,51.0,0.7282502443792767
80.0,52.0,0.7038123167155426
80.0,53.0,0.7429130009775171
80.0,54.0,0.6744868035190615
80.0,55.0,0.7820136852394917
80.0,56.0,0.7624633431085044
80.0,57.0,0.7038123167155426
80.0,58.0,0.7820136852394917
80.0,59.0,0.8015640273704789
80.0,60.0,0.7820136852394917
80.0,61.0,0.7429130009775171
80.0,62.0,0.7820136852394917
80.0,63.0,0.8260019550342131
80.0,64.0,0.8211143695014663
80.0,65.0,0.8015640273704789
80.0,66.0,0.9139784946236559
80.0,67.0,1.0166177908113392
80.0,68.0,1.0703812316715542
80.0,69.0,1.4760508308895406
80.0,70.0,1.5933528836754642
80.0,71.0,1.6813294232649072
80.0,72.0,1.739980449657869
80.0,73.0,1.7350928641251222
80.0,74.0,1.7595307917888563
80.0,75.0,1.739980449657869
80.0,76.0,1.7644183773216031
80.0,77.0,1.739980449657869
80.0,78.0,2.047898338220919
80.0,79.0,1.6520039100684263
80.0,80.0,1.4809384164222874
80.0,81.0,1.436950146627566
80.0,82.0,1.2512218963831867
80.0,83.0,1.0948191593352883
80.0,84.0,1.0263929618768328
80.0,85.0,0.9139784946236559
80.0,86.0,0.8993157380254154
80.0,87.0,0.8211143695014663
80.0,88.0,0.8602150537634409
80.0,89.0,0.8504398826979472
80.0,90.0,0.8455522971652004
80.0,91.0,0.8211143695014663
80.0,92.0,0.8211143695014663
80.0,93.0,0.8260019550342131
80.0,94.0,0.8211143695014663
80.0,95.0,0.7820136852394917
80.0,96.0,0.7820136852394917
80.0,97.0,0.8260019550342131
80.0,98.0,0.8211143695014663
80.0,99.0,0.8211143695014663
80.0,100.0,0.8015640273704789
80.0,101.0,0.7820136852394917
80.0,102.0,0.8015640273704789
80.0,103.0,0.7429130009775171
80.0,104.0,0.7820136852394917
80.0,105.0,0.772238514173998
80.0,106.0,0.7820136852394917
80.0,107.0,0.7429130009775171
80.0,108.0,0.7429130009775171
80.0,109.0,0.7771260997067448
80.0,110.0,0.7820136852394917
80.0,111.0,0.7771260997067448
80.0,112.0,0.7038123167155426
80.0,113.0,0.7038123167155426
80.0,114.0,0.6256109481915934
80.0,115.0,0.6451612903225806
80.0,116.0,0.6647116324535679
81.0,47.0,0.6647116324535679
81.0,48.0,0.6647116324535679
81.0,49.0,0.8993157380254154
81.0,50.0,0.7282502443792767
81.0,51.0,0.7282502443792767
81.0,52.0,0.7282502443792767
81.0,53.0,0.7233626588465298
81.0,54.0,0.7526881720430108
81.0,55.0,0.7820136852394917
81.0,56.0,0.7771260997067448
81.0,57.0,0.7771260997067448
81.0,58.0,0.8260019550342131
81.0,59.0,0.8455522971652004
81.0,60.0,0.8211143695014663
81.0,61.0,0.8455522971652004
81.0,62.0,0.8211143695014663
81.0,63.0,0.9579667644183774
81.0,64.0,0.9579667644183774
81.0,65.0,1.0899315738025415
81.0,66.0,1.3391984359726294
81.0,67.0,1.632453567937439
81.0,68.0,1.6275659824046922
81.0,69.0,1.7204301075268817
81.0,70.0,1.7204301075268817
81.0,71.0,1.739980449657869
81.0,72.0,1.739980449657869
81.0,73.0,1.710654936461388
81.0,74.0,1.7350928641251222
81.0,75.0,1.739980449657869
81.0,76.0,1.7644183773216031
81.0,77.0,1.739980449657869
81.0,78.0,1.7595307917888563
81.0,79.0,1.7839687194525904
81.0,80.0,1.8035190615835777
81.0,81.0,1.8035190615835777
81.0,82.0,1.7790811339198436
81.0,83.0,1.715542521994135
81.0,84.0,1.5395894428152492
81.0,85.0,1.2121212121212122
81.0,86.0,1.1925708699902249
81.0,87.0,1.0166177908113392
81.0,88.0,0.8602150537634409
81.0,89.0,0.8699902248289345
81.0,90.0,0.8602150537634409
81.0,91.0,0.8211143695014663
81.0,92.0,0.8211143695014663
81.0,93.0,0.9335288367546432
81.0,94.0,0.8211143695014663
81.0,95.0,0.7820136852394917
81.0,96.0,0.8015640273704789
81.0,97.0,0.8260019550342131
81.0,98.0,0.8211143695014663
81.0,99.0,0.7429130009775171
81.0,100.0,0.8015640273704789
81.0,101.0,0.7820136852394917
81.0,102.0,0.8015640273704789
81.0,103.0,0.7820136852394917
81.0,104.0,0.8064516129032258
81.0,105.0,0.7429130009775171
81.0,106.0,0.7820136852394917
81.0,107.0,0.7771260997067448
81.0,108.0,0.7771260997067448
81.0,109.0,0.7038123167155426
81.0,110.0,0.7820136852394917
81.0,111.0,0.772238514173998
81.0,112.0,0.7526881720430108
81.0,113.0,0.7038123167155426
81.0,114.0,0.7038123167155426
81.0,115.0,0.7086999022482894
81.0,116.0,0.6451612903225806
82.0,47.0,0.7038123167155426
82.0,48.0,0.7282502443792767
82.0,49.0,0.7526881720430108
82.0,50.0,0.7038123167155426
82.0,51.0,0.855327468230694
82.0,52.0,0.7526881720430108
82.0,53.0,0.7624633431085044
82.0,54.0,0.7429130009775171
82.0,55.0,0.8015640273704789
82.0,56.0,0.7820136852394917
82.0,57.0,0.8455522971652004
82.0,58.0,0.8406647116324536
82.0,59.0,0.8944281524926686
82.0,60.0,0.8895405669599218
82.0,61.0,0.9335288367546432
82.0,62.0,0.9384164222873901
82.0,63.0,1.0703812316715542
82.0,64.0,1.0703812316715542
82.0,65.0,1.2903225806451613
82.0,66.0,1.5249266862170088
82.0,67.0,1.6959921798631477
82.0,68.0,1.6959921798631477
82.0,69.0,1.686217008797654
82.0,70.0,1.715542521994135
82.0,71.0,1.6959921798631477
82.0,72.0,1.7204301075268817
82.0,73.0,1.6911045943304008
82.0,74.0,1.715542521994135
82.0,75.0,1.7595307917888563
82.0,76.0,1.739980449657869
82.0,77.0,1.7302052785923754
82.0,78.0,1.715542521994135
82.0,79.0,1.739980449657869
82.0,80.0,1.739980449657869
82.0,81.0,1.7595307917888563
82.0,82.0,1.7644183773216031
82.0,83.0,1.7986314760508308
82.0,84.0,1.7302052785923754
82.0,85.0,1.6764418377321604
82.0,86.0,1.6422287390029326
82.0,87.0,1.4271749755620724
82.0,88.0,1.163245356793744
82.0,89.0,0.9579667644183774
82.0,90.0,0.9384164222873901
82.0,91.0,0.8602150537634409
82.0,92.0,0.8211143695014663
82.0,93.0,0.8211143695014663
82.0,94.0,0.8211143695014663
82.0,95.0,0.8504398826979472
82.0,96.0,0.8211143695014663
82.0,97.0,0.9090909090909091
82.0,98.0,0.8015640273704789
82.0,99.0,0.8211143695014663
82.0,100.0,0.7820136852394917
82.0,101.0,0.7820136852394917
82.0,102.0,0.8064516129032258
82.0,103.0,0.7820136852394917
82.0,104.0,0.7820136852394917
82.0,105.0,0.7820136852394917
82.0,106.0,0.7820136852394917
82.0,107.0,0.7771260997067448
82.0,108.0,0.9286412512218963
82.0,109.0,0.7233626588465298
82.0,110.0,0.6744868035190615
82.0,111.0,0.7038123167155426
82.0,112.0,0.7429130009775171
82.0,113.0,0.7038123167155426
82.0,114.0,0.7282502443792767
82.0,115.0,0.7086999022482894
82.0,116.0,0.7038123167155426
83.0,47.0,0.8211143695014663
83.0,48.0,0.8602150537634409
83.0,49.0,0.8211143695014663
83.0,50.0,0.8602150537634409
83.0,51.0,0.8895405669599218
83.0,52.0,0.8797653958944281
83.0,53.0,0.9384164222873901
83.0,54.0,0.9481915933528837
83.0,55.0,1.050830889540567
83.0,56.0,1.0361681329423265
83.0,57.0,1.0654936461388074
83.0,58.0,1.133919843597263
83.0,59.0,1.187683284457478
83.0,60.0,1.1436950146627567
83.0,61.0,1.1925708699902249
83.0,62.0,1.3587487781036167
83.0,63.0,1.5347018572825024
83.0,64.0,1.5640273704789833
83.0,65.0,1.7302052785923754
83.0,66.0,1.6666666666666667
83.0,67.0,1.6911045943304008
83.0,68.0,1.6764418377321604
83.0,69.0,1.66177908113392
83.0,70.0,1.6715542521994136
83.0,71.0,1.66177908113392
83.0,72.0,1.6959921798631477
83.0,73.0,1.66177908113392
83.0,74.0,1.6959921798631477
83.0,75.0,1.6911045943304008
83.0,76.0,1.6959921798631477
83.0,77.0,1.6813294232649072
83.0,78.0,1.7008797653958945
83.0,79.0,1.710654936461388
83.0,80.0,1.7204301075268817
83.0,81.0,1.739980449657869
83.0,82.0,1.7204301075268817
83.0,83.0,1.7595307917888563
83.0,84.0,1.7350928641251222
83.0,85.0,1.7644183773216031
83.0,86.0,1.7302052785923754
83.0,87.0,1.739980449657869
83.0,88.0,1.6031280547409579
83.0,89.0,1.2756598240469208
83.0,90.0,1.2512218963831867
83.0,91.0,0.9775171065493646
83.0,92.0,0.8602150537634409
83.0,93.0,0.8504398826979472
83.0,94.0,0.7820136852394917
83.0,95.0,0.8211143695014663
83.0,96.0,0.8015640273704789
83.0,97.0,0.8211143695014663
83.0,98.0,0.8211143695014663
83.0,99.0,0.9775171065493646
83.0,100.0,0.8211143695014663
83.0,101.0,0.7820136852394917
83.0,102.0,0.8015640273704789
83.0,103.0,0.7429130009775171
83.0,104.0,0.7820136852394917
83.0,105.0,0.7820136852394917
83.0,106.0,0.7820136852394917
83.0,107.0,0.7771260997067448
83.0,108.0,0.7771260997067448
83.0,109.0,0.7771260997067448
83.0,110.0,0.7526881720430108
83.0,111.0,0.7526881720430108
83.0,112.0,0.7233626588465298
83.0,113.0,0.7038123167155426
83.0,114.0,0.7086999022482894
83.0,115.0,0.7086999022482894
83.0,116.0,0.7038123167155426
84.0,47.0,1.050830889540567
84.0,48.0,1.04594330400782
84.0,49.0,1.0166177908113392
84.0,50.0,1.0557184750733137
84.0,51.0,1.021505376344086
84.0,52.0,1.0703812316715542
84.0,53.0,1.1143695014662756
84.0,54.0,1.1436950146627567
84.0,55.0,1.133919843597263
84.0,56.0,1.2121212121212122
84.0,57.0,1.2072336265884653
84.0,58.0,1.1827956989247312
84.0,59.0,1.2316715542521994
84.0,60.0,1.2756598240469208
84.0,61.0,1.2756598240469208
84.0,62.0,1.4271749755620724
84.0,63.0,1.6715542521994136
84.0,64.0,1.7204301075268817
84.0,65.0,1.7204301075268817
84.0,66.0,1.6422287390029326
84.0,67.0,1.6471163245356795
84.0,68.0,1.66177908113392
84.0,69.0,1.6764418377321604
84.0,70.0,1.66177908113392
84.0,71.0,1.6471163245356795
84.0,72.0,1.66177908113392
84.0,73.0,1.6764418377321604
84.0,74.0,1.66177908113392
84.0,75.0,1.66177908113392
84.0,76.0,1.6911045943304008
84.0,77.0,1.6959921798631477
84.0,78.0,1.9208211143695015
84.0,79.0,1.715542521994135
84.0,80.0,1.7204301075268817
84.0,81.0,1.7204301075268817
84.0,82.0,1.7057673509286413
84.0,83.0,1.7057673509286413
84.0,84.0,1.7204301075268817
84.0,85.0,1.739980449657869
84.0,86.0,1.739980449657869
84.0,87.0,1.76930596285435
84.0,88.0,1.7595307917888563
84.0,89.0,1.7008797653958945
84.0,90.0,1.5004887585532747
84.0,91.0,1.4858260019550342
84.0,92.0,1.0899315738025415
84.0,93.0,0.8602150537634409
84.0,94.0,0.8504398826979472
84.0,95.0,0.7869012707722385
84.0,96.0,0.8406647116324536
84.0,97.0,0.8211143695014663
84.0,98.0,0.8211143695014663
84.0,99.0,0.7820136852394917
84.0,100.0,0.7820136852394917
84.0,101.0,0.8015640273704789
84.0,102.0,0.7820136852394917
84.0,103.0,0.8015640273704789
84.0,104.0,0.7429130009775171
84.0,105.0,0.8015640273704789
84.0,106.0,0.7429130009775171
84.0,107.0,0.7820136852394917
84.0,108.0,0.7771260997067448
84.0,109.0,0.7771260997067448
84.0,110.0,0.7526881720430108
84.0,111.0,0.7526881720430108
84.0,112.0,0.7526881720430108
84.0,113.0,0.7282502443792767
84.0,114.0,0.7038123167155426
84.0,115.0,0.7282502443792767
84.0,116.0,0.7086999022482894
85.0,47.0,1.133919843597263
85.0,48.0,1.1143695014662756
85.0,49.0,1.0948191593352883
85.0,50.0,1.0948191593352883
85.0,51.0,1.0948191593352883
85.0,52.0,1.1681329423264908
85.0,53.0,1.163245356793744
85.0,54.0,1.133919843597263
85.0,55.0,1.2072336265884653
85.0,56.0,1.2316715542521994
85.0,57.0,1.2121212121212122
85.0,58.0,1.1925708699902249
85.0,59.0,1.270772238514174
85.0,60.0,1.4076246334310851
85.0,61.0,1.4027370478983383
85.0,62.0,1.6422287390029326
85.0,63.0,1.66177908113392
85.0,64.0,1.6520039100684263
85.0,65.0,1.6520039100684263
85.0,66.0,1.6520039100684263
85.0,67.0,1.6177908113391983
85.0,68.0,1.6422287390029326
85.0,69.0,1.6764418377321604
85.0,70.0,1.6520039100684263
85.0,71.0,1.964809384164223
85.0,72.0,1.6226783968719452
85.0,73.0,1.6129032258064515
85.0,74.0,1.6031280547409579
85.0,75.0,1.6031280547409579
85.0,76.0,1.6031280547409579
85.0,77.0,1.632453567937439
85.0,78.0,1.6031280547409579
85.0,79.0,1.6520039100684263
85.0,80.0,1.6520039100684263
85.0,81.0,1.6959921798631477
85.0,82.0,1.6959921798631477
85.0,83.0,1.710654936461388
85.0,84.0,1.686217008797654
85.0,85.0,1.739980449657869
85.0,86.0,1.739980449657869
85.0,87.0,1.7350928641251222
85.0,88.0,1.7350928641251222
85.0,89.0,1.7595307917888563
85.0,90.0,1.7204301075268817
85.0,91.0,1.715542521994135
85.0,92.0,1.5640273704789833
85.0,93.0,1.133919843597263
85.0,94.0,0.8602150537634409
85.0,95.0,0.8602150537634409
85.0,96.0,0.8602150537634409
85.0,97.0,0.8211143695014663
85.0,98.0,0.8211143695014663
85.0,99.0,0.8260019550342131
85.0,100.0,0.8260019550342131
85.0,101.0,0.8211143695014663
85.0,102.0,0.7820136852394917
85.0,103.0,0.8260019550342131
85.0,104.0,0.8602150537634409
85.0,105.0,0.8015640273704789
85.0,106.0,0.8015640273704789
85.0,107.0,0.7820136852394917
85.0,108.0,0.7233626588465298
85.0,109.0,0.7038123167155426
85.0,110.0,0.7429130009775171
85.0,111.0,0.7429130009775171
85.0,112.0,0.7086999022482894
85.0,113.0,0.7038123167155426
85.0,114.0,0.7038123167155426
85.0,115.0,0.7086999022482894
85.0,116.0,0.7331378299120235
86.0,47.0,1.1192570869990224
86.0,48.0,1.1241446725317692
86.0,49.0,1.1192570869990224
86.0,50.0,1.1388074291300099
86.0,51.0,1.104594330400782
86.0,52.0,1.1192570869990224
86.0,53.0,1.3294232649071358
86.0,54.0,1.1534701857282503
86.0,55.0,1.1827956989247312
86.0,56.0,1.2512218963831867
86.0,57.0,1.2512218963831867
86.0,58.0,1.2512218963831867
86.0,59.0,1.3391984359726294
86.0,60.0,1.4076246334310851
86.0,61.0,1.4076246334310851
86.0,62.0,1.6226783968719452
86.0,63.0,1.6471163245356795
86.0,64.0,1.6471163245356795
86.0,65.0,1.6520039100684263
86.0,66.0,1.6520039100684263
86.0,67.0,1.6177908113391983
86.0,68.0,1.6422287390029326
86.0,69.0,1.6520039100684263
86.0,70.0,1.6520039100684263
86.0,71.0,1.6275659824046922
86.0,72.0,1.573802541544477
86.0,73.0,1.5640273704789833
86.0,74.0,1.5640273704789833
86.0,75.0,1.4858260019550342
86.0,76.0,1.4858260019550342
86.0,77.0,1.520039100684262
86.0,78.0,1.520039100684262
86.0,79.0,1.5640273704789833
86.0,80.0,1.5835777126099706
86.0,81.0,1.6715542521994136
86.0,82.0,1.7204301075268817
86.0,83.0,1.715542521994135
86.0,84.0,1.6911045943304008
86.0,85.0,1.715542521994135
86.0,86.0,1.739980449657869
86.0,87.0,1.739980449657869
86.0,88.0,1.7204301075268817
86.0,89.0,1.7204301075268817
86.0,90.0,1.739980449657869
86.0,91.0,1.7204301075268817
86.0,92.0,1.7008797653958945
86.0,93.0,1.4858260019550342
86.0,94.0,1.0948191593352883
86.0,95.0,1.133919843597263
86.0,96.0,0.8406647116324536
86.0,97.0,0.8455522971652004
86.0,98.0,0.7820136852394917
86.0,99.0,0.8260019550342131
86.0,100.0,0.8211143695014663
86.0,101.0,0.7820136852394917
86.0,102.0,0.8015640273704789
86.0,103.0,0.8260019550342131
86.0,104.0,0.7820136852394917
86.0,105.0,0.7820136852394917
86.0,106.0,0.7820136852394917
86.0,107.0,0.8064516129032258
86.0,108.0,0.8015640273704789
86.0,109.0,0.7429130009775171
86.0,110.0,0.7820136852394917
86.0,111.0,0.7233626588465298
86.0,112.0,0.7331378299120235
86.0,113.0,0.7038123167155426
86.0,114.0,0.7282502443792767
86.0,115.0,0.6842619745845552
86.0,116.0,0.6891495601173021
87.0,47.0,1.1583577712609971
87.0,48.0,1.2072336265884653
87.0,49.0,1.1730205278592376
87.0,50.0,1.1730205278592376
87.0,51.0,1.2072336265884653
87.0,52.0,1.2512218963831867
87.0,53.0,1.2609970674486803
87.0,54.0,1.270772238514174
87.0,55.0,1.3196480938416422
87.0,56.0,1.3636363636363635
87.0,57.0,1.3636363636363635
87.0,58.0,1.3880742913000979
87.0,59.0,1.4956011730205279
87.0,60.0,1.6080156402737047
87.0,61.0,1.6031280547409579
87.0,62.0,1.6715542521994136
87.0,63.0,1.6422287390029326
87.0,64.0,1.598240469208211
87.0,65.0,1.6275659824046922
87.0,66.0,1.6031280547409579
87.0,67.0,1.6422287390029326
87.0,68.0,1.6422287390029326
87.0,69.0,1.632453567937439
87.0,70.0,1.6031280547409579
87.0,71.0,1.5640273704789833
87.0,72.0,1.4467253176930597
87.0,73.0,1.324535679374389
87.0,74.0,1.3147605083088953
87.0,75.0,1.2121212121212122
87.0,76.0,1.1143695014662756
87.0,77.0,1.187683284457478
87.0,78.0,1.187683284457478
87.0,79.0,1.2903225806451613
87.0,80.0,1.4076246334310851
87.0,81.0,1.5053763440860215
87.0,82.0,1.5395894428152492
87.0,83.0,1.6226783968719452
87.0,84.0,1.710654936461388
87.0,85.0,1.710654936461388
87.0,86.0,1.7204301075268817
87.0,87.0,1.7008797653958945
87.0,88.0,1.6911045943304008
87.0,89.0,1.7204301075268817
87.0,90.0,1.739980449657869
87.0,91.0,1.7204301075268817
87.0,92.0,1.7057673509286413
87.0,93.0,1.6666666666666667
87.0,94.0,1.5004887585532747
87.0,95.0,1.4858260019550342
87.0,96.0,0.9579667644183774
87.0,97.0,0.8211143695014663
87.0,98.0,0.8406647116324536
87.0,99.0,0.7820136852394917
87.0,100.0,0.8211143695014663
87.0,101.0,0.8015640273704789
87.0,102.0,0.8015640273704789
87.0,103.0,0.8015640273704789
87.0,104.0,0.7429130009775171
87.0,105.0,0.7820136852394917
87.0,106.0,0.7233626588465298
87.0,107.0,0.8064516129032258
87.0,108.0,0.8015640273704789
87.0,109.0,0.7820136852394917
87.0,110.0,0.7820136852394917
87.0,111.0,0.7331378299120235
87.0,112.0,0.6647116324535679
87.0,113.0,0.7038123167155426
87.0,114.0,0.7233626588465298
87.0,115.0,0.6256109481915934
87.0,116.0,0.6842619745845552
88.0,47.0,1.2316715542521994
88.0,48.0,1.1827956989247312
88.0,49.0,1.2512218963831867
88.0,50.0,1.2512218963831867
88.0,51.0,1.2756598240469208
88.0,52.0,1.2756598240469208
88.0,53.0,1.2512218963831867
88.0,54.0,1.3196480938416422
88.0,55.0,1.3294232649071358
88.0,56.0,1.3880742913000979
88.0,57.0,1.383186705767351
88.0,58.0,1.466275659824047
88.0,59.0,1.5640273704789833
88.0,60.0,1.6959921798631477
88.0,61.0,1.66177908113392
88.0,62.0,1.6226783968719452
88.0,63.0,1.6031280547409579
88.0,64.0,1.6031280547409579
88.0,65.0,1.6275659824046922
88.0,66.0,1.7204301075268817
88.0,67.0,1.6031280547409579
88.0,68.0,1.573802541544477
88.0,69.0,1.5004887585532747
88.0,70.0,1.4956011730205279
88.0,71.0,1.3294232649071358
88.0,72.0,1.1143695014662756
88.0,73.0,1.0263929618768328
88.0,74.0,0.9872922776148583
88.0,75.0,0.9579667644183774
88.0,76.0,0.9775171065493646
88.0,77.0,1.0068426197458455
88.0,78.0,0.9481915933528837
88.0,79.0,0.9970674486803519
88.0,80.0,1.0899315738025415
88.0,81.0,1.1925708699902249
88.0,82.0,1.1827956989247312
88.0,83.0,1.4173998044965788
88.0,84.0,1.6031280547409579
88.0,85.0,1.6813294232649072
88.0,86.0,2.0332355816226784
88.0,87.0,1.6911045943304008
88.0,88.0,1.715542521994135
88.0,89.0,1.686217008797654
88.0,90.0,1.7204301075268817
88.0,91.0,1.715542521994135
88.0,92.0,1.710654936461388
88.0,93.0,1.7350928641251222
88.0,94.0,1.6959921798631477
88.0,95.0,1.6959921798631477
88.0,96.0,1.4027370478983383
88.0,97.0,1.0948191593352883
88.0,98.0,0.8211143695014663
88.0,99.0,0.8211143695014663
88.0,100.0,0.8015640273704789
88.0,101.0,0.8015640273704789
88.0,102.0,0.7820136852394917
88.0,103.0,0.8015640273704789
88.0,104.0,0.7429130009775171
88.0,105.0,0.7429130009775171
88.0,106.0,0.7820136852394917
88.0,107.0,0.8015640273704789
88.0,108.0,0.7429130009775171
88.0,109.0,0.7526881720430108
88.0,110.0,0.9384164222873901
88.0,111.0,0.7233626588465298
88.0,112.0,0.7526881720430108
88.0,113.0,0.7038123167155426
88.0,114.0,0.6647116324535679
88.0,115.0,0.7038123167155426
88.0,116.0,0.7086999022482894
89.0,47.0,1.270772238514174
89.0,48.0,1.295210166177908
89.0,49.0,1.2903225806451613
89.0,50.0,1.295210166177908
89.0,51.0,1.2561094819159335
89.0,52.0,1.3196480938416422
89.0,53.0,1.270772238514174
89.0,54.0,1.3391984359726294
89.0,55.0,1.3782991202346042
89.0,56.0,1.4076246334310851
89.0,57.0,1.4076246334310851
89.0,58.0,1.5102639296187683
89.0,59.0,1.6422287390029326
89.0,60.0,1.6666666666666667
89.0,61.0,1.6959921798631477
89.0,62.0,1.6226783968719452
89.0,63.0,1.6275659824046922
89.0,64.0,1.632453567937439
89.0,65.0,1.632453567937439
89.0,66.0,1.6275659824046922
89.0,67.0,1.6226783968719452
89.0,68.0,1.5835777126099706
89.0,69.0,1.4516129032258065
89.0,70.0,1.4516129032258065
89.0,71.0,1.133919843597263
89.0,72.0,1.0166177908113392
89.0,73.0,0.9579667644183774
89.0,74.0,0.9579667644183774
89.0,75.0,0.8993157380254154
89.0,76.0,0.8602150537634409
89.0,77.0,0.8699902248289345
89.0,78.0,0.8602150537634409
89.0,79.0,0.8602150537634409
89.0,80.0,0.9384164222873901
89.0,81.0,1.0410557184750733
89.0,82.0,1.0948191593352883
89.0,83.0,1.348973607038123
89.0,84.0,1.5298142717497556
89.0,85.0,1.6422287390029326
89.0,86.0,1.6959921798631477
89.0,87.0,1.6813294232649072
89.0,88.0,1.6911045943304008
89.0,89.0,1.6911045943304008
89.0,90.0,1.7204301075268817
89.0,91.0,1.6911045943304008
89.0,92.0,1.715542521994135
89.0,93.0,1.6911045943304008
89.0,94.0,1.686217008797654
89.0,95.0,1.6959921798631477
89.0,96.0,1.4467253176930597
89.0,97.0,1.0166177908113392
89.0,98.0,0.8699902248289345
89.0,99.0,0.8651026392961877
89.0,100.0,0.8260019550342131
89.0,101.0,0.8211143695014663
89.0,102.0,0.8699902248289345
89.0,103.0,0.8015640273704789
89.0,104.0,0.7820136852394917
89.0,105.0,0.7233626588465298
89.0,106.0,0.7820136852394917
89.0,107.0,0.7233626588465298
89.0,108.0,0.7771260997067448
89.0,109.0,0.772238514173998
89.0,110.0,0.7429130009775171
89.0,111.0,0.7820136852394917
89.0,112.0,0.7282502443792767
89.0,113.0,0.7038123167155426
89.0,114.0,0.7086999022482894
89.0,115.0,0.7429130009775171
89.0,116.0,0.6451612903225806
90.0,47.0,1.3391984359726294
90.0,48.0,1.3391984359726294
90.0,49.0,1.3294232649071358
90.0,50.0,1.3294232649071358
90.0,51.0,1.3440860215053763
90.0,52.0,1.3391984359726294
90.0,53.0,1.3391984359726294
90.0,54.0,1.4076246334310851
90.0,55.0,1.4271749755620724
90.0,56.0,1.4271749755620724
90.0,57.0,1.4858260019550342
90.0,58.0,1.5933528836754642
90.0,59.0,1.6422287390029326
90.0,60.0,1.6764418377321604
90.0,61.0,1.6715542521994136
90.0,62.0,1.6275659824046922
90.0,63.0,1.5933528836754642
90.0,64.0,1.632453567937439
90.0,65.0,1.6275659824046922
90.0,66.0,1.6031280547409579
90.0,67.0,1.6031280547409579
90.0,68.0,1.544477028347996
90.0,69.0,1.5053763440860215
90.0,70.0,1.1534701857282503
90.0,71.0,0.8797653958944281
90.0,72.0,0.8602150537634409
90.0,73.0,0.8895405669599218
90.0,74.0,0.8602150537634409
90.0,75.0,0.8211143695014663
90.0,76.0,0.8406647116324536
90.0,77.0,0.8602150537634409
90.0,78.0,0.8064516129032258
90.0,79.0,0.7869012707722385
90.0,80.0,0.8455522971652004
90.0,81.0,0.9139784946236559
90.0,82.0,0.8602150537634409
90.0,83.0,1.133919843597263
90.0,84.0,1.466275659824047
90.0,85.0,1.5640273704789833
90.0,86.0,1.5640273704789833
90.0,87.0,1.6422287390029326
90.0,88.0,1.6959921798631477
90.0,89.0,1.686217008797654
90.0,90.0,1.715542521994135
90.0,91.0,1.715542521994135
90.0,92.0,1.7008797653958945
90.0,93.0,1.7008797653958945
90.0,94.0,1.7204301075268817
90.0,95.0,1.686217008797654
90.0,96.0,1.573802541544477
90.0,97.0,1.2756598240469208
90.0,98.0,0.9139784946236559
90.0,99.0,0.9090909090909091
90.0,100.0,0.7820136852394917
90.0,101.0,0.7429130009775171
90.0,102.0,0.7820136852394917
90.0,103.0,0.8015640273704789
90.0,104.0,0.8015640273704789
90.0,105.0,0.7820136852394917
90.0,106.0,0.7820136852394917
90.0,107.0,0.7820136852394917
90.0,108.0,0.7771260997067448
90.0,109.0,0.7038123167155426
90.0,110.0,0.6647116324535679
90.0,111.0,0.7526881720430108
90.0,112.0,0.7429130009775171
90.0,113.0,0.7038123167155426
90.0,114.0,0.7038123167155426
90.0,115.0,0.6842619745845552
90.0,116.0,0.6842619745845552
91.0,47.0,1.383186705767351
91.0,48.0,1.383186705767351
91.0,49.0,1.383186705767351
91.0,50.0,1.3685239491691104
91.0,51.0,1.3391984359726294
91.0,52.0,1.383186705767351
91.0,53.0,1.3391984359726294
91.0,54.0,1.4076246334310851
91.0,55.0,1.4760508308895406
91.0,56.0,1.520039100684262
91.0,57.0,1.490713587487781
91.0,58.0,1.5933528836754642
91.0,59.0,1.9550342130987293
91.0,60.0,1.6520039100684263
91.0,61.0,1.6422287390029326
91.0,62.0,1.6031280547409579
91.0,63.0,1.6080156402737047
91.0,64.0,1.6129032258064515
91.0,65.0,1.6275659824046922
91.0,66.0,1.5933528836754642
91.0,67.0,1.5835777126099706
91.0,68.0,1.4516129032258065
91.0,69.0,1.4516129032258065
91.0,70.0,0.9579667644183774
91.0,71.0,0.8211143695014663
91.0,72.0,0.8211143695014663
91.0,73.0,0.8699902248289345
91.0,74.0,0.8602150537634409
91.0,75.0,0.8406647116324536
91.0,76.0,0.8455522971652004
91.0,77.0,0.8455522971652004
91.0,78.0,0.8455522971652004
91.0,79.0,0.8944281524926686
91.0,80.0,0.7917888563049853
91.0,81.0,0.8455522971652004
91.0,82.0,0.8455522971652004
91.0,83.0,0.9579667644183774
91.0,84.0,1.3147605083088953
91.0,85.0,1.5249266862170088
91.0,86.0,1.5395894428152492
91.0,87.0,1.6715542521994136
91.0,88.0,1.6911045943304008
91.0,89.0,1.6666666666666667
91.0,90.0,1.6959921798631477
91.0,91.0,1.715542521994135
91.0,92.0,1.686217008797654
91.0,93.0,1.710654936461388
91.0,94.0,1.6959921798631477
91.0,95.0,1.6666666666666667
91.0,96.0,1.5249266862170088
91.0,97.0,1.2903225806451613
91.0,98.0,1.0703812316715542
91.0,99.0,1.0654936461388074
91.0,100.0,0.8211143695014663
91.0,101.0,0.7429130009775171
91.0,102.0,0.7771260997067448
91.0,103.0,0.7233626588465298
91.0,104.0,0.772238514173998
91.0,105.0,0.7135874877810362
91.0,106.0,0.7429130009775171
91.0,107.0,0.7820136852394917
91.0,108.0,0.772238514173998
91.0,109.0,0.7038123167155426
91.0,110.0,0.7038123167155426
91.0,111.0,0.7282502443792767
91.0,112.0,0.7282502443792767
91.0,113.0,0.6647116324535679
91.0,114.0,0.7038123167155426
91.0,115.0,0.7038123167155426
91.0,116.0,0.7038123167155426
92.0,47.0,1.4076246334310851
92.0,48.0,1.4076246334310851
92.0,49.0,1.4076246334310851
92.0,50.0,1.3587487781036167
92.0,51.0,1.4320625610948192
92.0,52.0,1.3880742913000979
92.0,53.0,1.4516129032258065
92.0,54.0,1.466275659824047
92.0,55.0,1.490713587487781
92.0,56.0,1.520039100684262
92.0,57.0,1.5640273704789833
92.0,58.0,1.6275659824046922
92.0,59.0,1.9501466275659824
92.0,60.0,1.632453567937439
92.0,61.0,1.6031280547409579
92.0,62.0,1.6080156402737047
92.0,63.0,1.6226783968719452
92.0,64.0,1.632453567937439
92.0,65.0,1.6275659824046922
92.0,66.0,1.6031280547409579
92.0,67.0,1.6031280547409579
92.0,68.0,1.2121212121212122
92.0,69.0,1.1730205278592376
92.0,70.0,0.8211143695014663
92.0,71.0,0.8211143695014663
92.0,72.0,0.8699902248289345
92.0,73.0,0.8699902248289345
92.0,74.0,0.8455522971652004
92.0,75.0,0.8211143695014663
92.0,76.0,0.8406647116324536
92.0,77.0,0.8504398826979472
92.0,78.0,0.7917888563049853
92.0,79.0,0.8455522971652004
92.0,80.0,0.7771260997067448
92.0,81.0,0.8015640273704789
92.0,82.0,0.7820136852394917
92.0,83.0,0.8015640273704789
92.0,84.0,1.1730205278592376
92.0,85.0,1.544477028347996
92.0,86.0,1.544477028347996
92.0,87.0,1.6031280547409579
92.0,88.0,1.6471163245356795
92.0,89.0,1.6959921798631477
92.0,90.0,1.6959921798631477
92.0,91.0,1.6911045943304008
92.0,92.0,1.6813294232649072
92.0,93.0,1.6911045943304008
92.0,94.0,1.6959921798631477
92.0,95.0,1.66177908113392
92.0,96.0,1.6911045943304008
92.0,97.0,1.466275659824047
92.0,98.0,1.050830889540567
92.0,99.0,1.0166177908113392
92.0,100.0,0.7820136852394917
92.0,101.0,0.8015640273704789
92.0,102.0,0.7233626588465298
92.0,103.0,0.7820136852394917
92.0,104.0,0.7233626588465298
92.0,105.0,0.7771260997067448
92.0,106.0,0.7135874877810362
92.0,107.0,0.7526881720430108
92.0,108.0,0.7135874877810362
92.0,109.0,0.7038123167155426
92.0,110.0,0.7038123167155426
92.0,111.0,0.7575757575757576
92.0,112.0,0.7429130009775171
92.0,113.0,0.7282502443792767
92.0,114.0,0.6744868035190615
92.0,115.0,0.7038123167155426
92.0,116.0,0.7086999022482894
93.0,47.0,1.4076246334310851
93.0,48.0,1.3880742913000979
93.0,49.0,1.3880742913000979
93.0,50.0,1.4076246334310851
93.0,51.0,1.3880742913000979
93.0,52.0,1.4271749755620724
93.0,53.0,1.466275659824047
93.0,54.0,1.4858260019550342
93.0,55.0,1.5053763440860215
93.0,56.0,1.5884652981427174
93.0,57.0,1.5640273704789833
93.0,58.0,1.6080156402737047
93.0,59.0,1.6031280547409579
93.0,60.0,1.6080156402737047
93.0,61.0,1.5835777126099706
93.0,62.0,1.5835777126099706
93.0,63.0,1.6031280547409579
93.0,64.0,1.632453567937439
93.0,65.0,1.6031280547409579
93.0,66.0,1.6275659824046922
93.0,67.0,1.6031280547409579
93.0,68.0,1.2756598240469208
93.0,69.0,0.8504398826979472
93.0,70.0,0.8015640273704789
93.0,71.0,0.8211143695014663
93.0,72.0,0.8211143695014663
93.0,73.0,0.8455522971652004
93.0,74.0,0.8455522971652004
93.0,75.0,0.8015640273704789
93.0,76.0,0.8602150537634409
93.0,77.0,0.8504398826979472
93.0,78.0,0.8211143695014663
93.0,79.0,0.8211143695014663
93.0,80.0,0.8015640273704789
93.0,81.0,0.8211143695014663
93.0,82.0,0.8211143695014663
93.0,83.0,0.7820136852394917
93.0,84.0,0.8602150537634409
93.0,85.0,1.3391984359726294
93.0,86.0,1.6080156402737047
93.0,87.0,1.9012707722385143
93.0,88.0,1.6422287390029326
93.0,89.0,1.6911045943304008
93.0,90.0,1.6959921798631477
93.0,91.0,1.6911045943304008
93.0,92.0,1.715542521994135
93.0,93.0,1.686217008797654
93.0,94.0,1.6959921798631477
93.0,95.0,1.66177908113392
93.0,96.0,1.6813294232649072
93.0,97.0,1.5249266862170088
93.0,98.0,1.2512218963831867
93.0,99.0,1.1730205278592376
93.0,100.0,0.8455522971652004
93.0,101.0,0.7820136852394917
93.0,102.0,0.8015640273704789
93.0,103.0,0.8015640273704789
93.0,104.0,0.7429130009775171
93.0,105.0,0.7429130009775171
93.0,106.0,0.7771260997067448
93.0,107.0,0.7820136852394917
93.0,108.0,0.7429130009775171
93.0,109.0,0.7526881720430108
93.0,110.0,0.7038123167155426
93.0,111.0,0.7038123167155426
93.0,112.0,0.7429130009775171
93.0,113.0,0.6647116324535679
93.0,114.0,0.7038123167155426
93.0,115.0,0.7233626588465298
93.0,116.0,0.7086999022482894
94.0,47.0,1.4467253176930597
94.0,48.0,1.4760508308895406
94.0,49.0,1.466275659824047
94.0,50.0,1.4467253176930597
94.0,51.0,1.7204301075268817
94.0,52.0,1.520039100684262
94.0,53.0,1.5151515151515151
94.0,54.0,1.4858260019550342
94.0,55.0,1.5640273704789833
94.0,56.0,1.6031280547409579
94.0,57.0,1.5689149560117301
94.0,58.0,1.5640273704789833
94.0,59.0,1.5640273704789833
94.0,60.0,1.5640273704789833
94.0,61.0,1.5884652981427174
94.0,62.0,1.7986314760508308
94.0,63.0,1.5835777126099706
94.0,64.0,1.6031280547409579
94.0,65.0,1.6080156402737047
94.0,66.0,1.6031280547409579
94.0,67.0,1.5053763440860215
94.0,68.0,1.1388074291300099
94.0,69.0,0.8504398826979472
94.0,70.0,0.8455522971652004
94.0,71.0,0.8406647116324536
94.0,72.0,0.8211143695014663
94.0,73.0,0.7869012707722385
94.0,74.0,0.8211143695014663
94.0,75.0,0.8455522971652004
94.0,76.0,0.7820136852394917
94.0,77.0,0.8455522971652004
94.0,78.0,0.8455522971652004
94.0,79.0,0.8211143695014663
94.0,80.0,0.8015640273704789
94.0,81.0,0.8015640273704789
94.0,82.0,0.8260019550342131
94.0,83.0,0.7820136852394917
94.0,84.0,0.8455522971652004
94.0,85.0,1.2072336265884653
94.0,86.0,1.544477028347996
94.0,87.0,1.5395894428152492
94.0,88.0,1.6422287390029326
94.0,89.0,1.6911045943304008
94.0,90.0,1.6715542521994136
94.0,91.0,1.6959921798631477
94.0,92.0,1.66177908113392
94.0,93.0,2.018572825024438
94.0,94.0,1.6666666666666667
94.0,95.0,1.6959921798631477
94.0,96.0,1.6422287390029326
94.0,97.0,1.5395894428152492
94.0,98.0,1.2267839687194526
94.0,99.0,0.8504398826979472
94.0,100.0,0.8406647116324536
94.0,101.0,0.7429130009775171
94.0,102.0,0.7820136852394917
94.0,103.0,0.8015640273704789
94.0,104.0,0.7429130009775171
94.0,105.0,0.7771260997067448
94.0,106.0,0.7820136852394917
94.0,107.0,0.7526881720430108
94.0,108.0,0.7526881720430108
94.0,109.0,0.6842619745845552
94.0,110.0,0.7282502443792767
94.0,111.0,0.7282502443792767
94.0,112.0,0.7331378299120235
94.0,113.0,0.7038123167155426
94.0,114.0,0.6451612903225806
94.0,115.0,0.7038123167155426
94.0,116.0,0.7331378299120235
95.0,47.0,1.4858260019550342
95.0,48.0,1.520039100684262
95.0,49.0,1.4858260019550342
95.0,50.0,1.520039100684262
95.0,51.0,1.4858260019550342
95.0,52.0,1.520039100684262
95.0,53.0,1.5249266862170088
95.0,54.0,1.5395894428152492
95.0,55.0,1.5835777126099706
95.0,56.0,1.5835777126099706
95.0,57.0,1.6080156402737047
95.0,58.0,1.5640273704789833
95.0,59.0,1.5053763440860215
95.0,60.0,1.5640273704789833
95.0,61.0,1.5884652981427174
95.0,62.0,1.5640273704789833
95.0,63.0,1.5640273704789833
95.0,64.0,1.5689149560117301
95.0,65.0,1.6080156402737047
95.0,66.0,1.6031280547409579
95.0,67.0,1.5249266862170088
95.0,68.0,1.1143695014662756
95.0,69.0,0.8015640273704789
95.0,70.0,0.8211143695014663
95.0,71.0,0.8211143695014663
95.0,72.0,0.8211143695014663
95.0,73.0,0.8260019550342131
95.0,74.0,0.8260019550342131
95.0,75.0,0.8260019550342131
95.0,76.0,0.8211143695014663
95.0,77.0,0.7820136852394917
95.0,78.0,0.8260019550342131
95.0,79.0,0.8211143695014663
95.0,80.0,0.7820136852394917
95.0,81.0,0.7820136852394917
95.0,82.0,0.8260019550342131
95.0,83.0,0.7820136852394917
95.0,84.0,0.7820136852394917
95.0,85.0,0.8895405669599218
95.0,86.0,1.2316715542521994
95.0,87.0,1.2267839687194526
95.0,88.0,1.5640273704789833
95.0,89.0,1.66177908113392
95.0,90.0,1.6813294232649072
95.0,91.0,1.6959921798631477
95.0,92.0,1.6666666666666667
95.0,93.0,1.6959921798631477
95.0,94.0,1.6813294232649072
95.0,95.0,1.6764418377321604
95.0,96.0,1.6422287390029326
95.0,97.0,1.5053763440860215
95.0,98.0,1.270772238514174
95.0,99.0,1.0166177908113392
95.0,100.0,0.9384164222873901
95.0,101.0,0.7820136852394917
95.0,102.0,0.7771260997067448
95.0,103.0,0.7820136852394917
95.0,104.0,0.7820136852394917
95.0,105.0,0.7771260997067448
95.0,106.0,0.7038123167155426
95.0,107.0,0.7429130009775171
95.0,108.0,0.7282502443792767
95.0,109.0,0.7282502443792767
95.0,110.0,0.7038123167155426
95.0,111.0,0.7282502443792767
95.0,112.0,0.7038123167155426
95.0,113.0,0.7038123167155426
95.0,114.0,0.8015640273704789
95.0,115.0,0.6842619745845552
95.0,116.0,0.6647116324535679
96.0,47.0,1.5249266862170088
96.0,48.0,1.5249266862170088
96.0,49.0,1.5053763440860215
96.0,50.0,1.6666666666666667
96.0,51.0,1.520039100684262
96.0,52.0,1.5640273704789833
96.0,53.0,1.5640273704789833
96.0,54.0,1.5298142717497556
96.0,55.0,1.5640273704789833
96.0,56.0,1.5835777126099706
96.0,57.0,1.5640273704789833
96.0,58.0,1.5640273704789833
96.0,59.0,1.5053763440860215
96.0,60.0,1.5640273704789833
96.0,61.0,1.6177908113391983
96.0,62.0,1.5835777126099706
96.0,63.0,1.5640273704789833
96.0,64.0,1.573802541544477
96.0,65.0,1.6031280547409579
96.0,66.0,1.5640273704789833
96.0,67.0,1.5640273704789833
96.0,68.0,1.2512218963831867
96.0,69.0,0.8211143695014663
96.0,70.0,0.8260019550342131
96.0,71.0,0.8211143695014663
96.0,72.0,0.7820136852394917
96.0,73.0,0.7820136852394917
96.0,74.0,1.0410557184750733
96.0,75.0,0.8211143695014663
96.0,76.0,0.7917888563049853
96.0,77.0,0.8015640273704789
96.0,78.0,0.7820136852394917
96.0,79.0,0.8211143695014663
96.0,80.0,0.7820136852394917
96.0,81.0,0.8211143695014663
96.0,82.0,0.8406647116324536
96.0,83.0,0.8260019550342131
96.0,84.0,0.7624633431085044
96.0,85.0,0.8602150537634409
96.0,86.0,1.1925708699902249
96.0,87.0,1.5884652981427174
96.0,88.0,1.5493646138807429
96.0,89.0,1.6715542521994136
96.0,90.0,1.6813294232649072
96.0,91.0,1.6959921798631477
96.0,92.0,1.6813294232649072
96.0,93.0,1.6813294232649072
96.0,94.0,1.6422287390029326
96.0,95.0,1.66177908113392
96.0,96.0,1.6715542521994136
96.0,97.0,1.5591397849462365
96.0,98.0,1.0948191593352883
96.0,99.0,0.7820136852394917
96.0,100.0,0.8015640273704789
96.0,101.0,0.7820136852394917
96.0,102.0,0.7233626588465298
96.0,103.0,0.7038123167155426
96.0,104.0,0.7820136852394917
96.0,105.0,0.772238514173998
96.0,106.0,0.7233626588465298
96.0,107.0,0.7429130009775171
96.0,108.0,0.7526881720430108
96.0,109.0,0.9237536656891495
96.0,110.0,0.7233626588465298
96.0,111.0,0.6647116324535679
96.0,112.0,0.6451612903225806
96.0,113.0,0.7086999022482894
96.0,114.0,0.7038123167155426
96.0,115.0,0.7038123167155426
96.0,116.0,0.6451612903225806
97.0,47.0,1.4076246334310851
97.0,48.0,1.4467253176930597
97.0,49.0,1.4516129032258065
97.0,50.0,1.4516129032258065
97.0,51.0,1.4565004887585533
97.0,52.0,1.4760508308895406
97.0,53.0,1.466275659824047
97.0,54.0,1.4858260019550342
97.0,55.0,1.5004887585532747
97.0,56.0,1.4858260019550342
97.0,57.0,1.520039100684262
97.0,58.0,1.5347018572825024
97.0,59.0,1.5249266862170088
97.0,60.0,1.4956011730205279
97.0,61.0,1.5640273704789833
97.0,62.0,1.5835777126099706
97.0,63.0,1.6031280547409579
97.0,64.0,1.6080156402737047
97.0,65.0,1.5689149560117301
97.0,66.0,1.6031280547409579
97.0,67.0,1.5933528836754642
97.0,68.0,1.3391984359726294
97.0,69.0,1.3294232649071358
97.0,70.0,0.8602150537634409
97.0,71.0,0.8211143695014663
97.0,72.0,0.8211143695014663
97.0,73.0,0.8211143695014663
97.0,74.0,0.7820136852394917
97.0,75.0,0.7820136852394917
97.0,76.0,0.8211143695014663
97.0,77.0,0.8260019550342131
97.0,78.0,0.9384164222873901
97.0,79.0,0.8406647116324536
97.0,80.0,0.8211143695014663
97.0,81.0,0.8260019550342131
97.0,82.0,0.7820136852394917
97.0,83.0,0.8211143695014663
97.0,84.0,0.8015640273704789
97.0,85.0,1.0263929618768328
97.0,86.0,1.0263929618768328
97.0,87.0,1.520039100684262
97.0,88.0,1.6911045943304008
97.0,89.0,1.959921798631476
97.0,90.0,1.6666666666666667
97.0,91.0,1.66177908113392
97.0,92.0,1.66177908113392
97.0,93.0,1.6911045943304008
97.0,94.0,1.6959921798631477
97.0,95.0,1.6813294232649072
97.0,96.0,1.6520039100684263
97.0,97.0,1.5640273704789833
97.0,98.0,1.3196480938416422
97.0,99.0,1.3147605083088953
97.0,100.0,0.7820136852394917
97.0,101.0,0.7135874877810362
97.0,102.0,0.9335288367546432
97.0,103.0,0.7771260997067448
97.0,104.0,0.7429130009775171
97.0,105.0,0.7526881720430108
97.0,106.0,0.7038123167155426
97.0,107.0,0.7526881720430108
97.0,108.0,0.7429130009775171
97.0,109.0,0.7526881720430108
97.0,110.0,0.7038123167155426
97.0,111.0,0.7086999022482894
97.0,112.0,0.7038123167155426
97.0,113.0,0.7038123167155426
97.0,114.0,0.6451612903225806
97.0,115.0,0.7086999022482894
97.0,116.0,0.7038123167155426
98.0,47.0,1.4076246334310851
98.0,48.0,1.3685239491691104
98.0,49.0,1.4076246334310851
98.0,50.0,1.4076246334310851
98.0,51.0,1.4858260019550342
98.0,52.0,1.4027370478983383
98.0,53.0,1.4076246334310851
98.0,54.0,1.4467253176930597
98.0,55.0,1.4467253176930597
98.0,56.0,1.4858260019550342
98.0,57.0,1.4858260019550342
98.0,58.0,1.466275659824047
98.0,59.0,1.4858260019550342
98.0,60.0,1.4858260019550342
98.0,61.0,1.5640273704789833
98.0,62.0,1.5640273704789833
98.0,63.0,1.5835777126099706
98.0,64.0,1.6031280547409579
98.0,65.0,1.6031280547409579
98.0,66.0,1.6080156402737047
98.0,67.0,1.8279569892473118
98.0,68.0,1.5689149560117301
98.0,69.0,1.1827956989247312
98.0,70.0,0.8455522971652004
98.0,71.0,0.7869012707722385
98.0,72.0,0.8211143695014663
98.0,73.0,0.8211143695014663
98.0,74.0,0.8260019550342131
98.0,75.0,0.7820136852394917
98.0,76.0,0.83088954056696
98.0,77.0,0.8211143695014663
98.0,78.0,0.8015640273704789
98.0,79.0,0.8260019550342131
98.0,80.0,0.8211143695014663
98.0,81.0,0.8211143695014663
98.0,82.0,0.7820136852394917
98.0,83.0,0.8504398826979472
98.0,84.0,0.8455522971652004
98.0,85.0,0.8602150537634409
98.0,86.0,1.3391984359726294
98.0,87.0,1.6520039100684263
98.0,88.0,1.6471163245356795
98.0,89.0,1.6813294232649072
98.0,90.0,1.6422287390029326
98.0,91.0,1.6764418377321604
98.0,92.0,1.6422287390029326
98.0,93.0,1.6422287390029326
98.0,94.0,1.6715542521994136
98.0,95.0,1.6422287390029326
98.0,96.0,1.5640273704789833
98.0,97.0,1.5249266862170088
98.0,98.0,1.2512218963831867
98.0,99.0,0.8211143695014663
98.0,100.0,0.7820136852394917
98.0,101.0,0.7233626588465298
98.0,102.0,0.7526881720430108
98.0,103.0,0.6842619745845552
98.0,104.0,0.7429130009775171
98.0,105.0,0.7526881720430108
98.0,106.0,0.7429130009775171
98.0,107.0,0.7429130009775171
98.0,108.0,0.7282502443792767
98.0,109.0,0.7331378299120235
98.0,110.0,0.6647116324535679
98.0,111.0,0.7282502443792767
98.0,112.0,0.7086999022482894
98.0,113.0,0.8455522971652004
98.0,114.0,0.7038123167155426
98.0,115.0,0.6451612903225806
98.0,116.0,0.6647116324535679
99.0,47.0,1.3587487781036167
99.0,48.0,1.4027370478983383
99.0,49.0,1.6520039100684263
99.0,50.0,1.4076246334310851
99.0,51.0,1.4271749755620724
99.0,52.0,1.4076246334310851
99.0,53.0,1.6031280547409579
99.0,54.0,1.4516129032258065
99.0,55.0,1.4076246334310851
99.0,56.0,1.4760508308895406
99.0,57.0,1.4760508308895406
99.0,58.0,1.4809384164222874
99.0,59.0,1.436950146627566
99.0,60.0,1.466275659824047
99.0,61.0,1.5395894428152492
99.0,62.0,1.5640273704789833
99.0,63.0,1.5640273704789833
99.0,64.0,1.5835777126099706
99.0,65.0,1.6031280547409579
99.0,66.0,1.5835777126099706
99.0,67.0,1.6031280547409579
99.0,68.0,1.6031280547409579
99.0,69.0,1.3294232649071358
99.0,70.0,0.9384164222873901
99.0,71.0,0.9824046920821115
99.0,72.0,0.7917888563049853
99.0,73.0,0.8015640273704789
99.0,74.0,0.8211143695014663
99.0,75.0,0.8064516129032258
99.0,76.0,0.8015640273704789
99.0,77.0,0.8211143695014663
99.0,78.0,0.7820136852394917
99.0,79.0,0.8504398826979472
99.0,80.0,0.8015640273704789
99.0,81.0,0.7820136852394917
99.0,82.0,0.7820136852394917
99.0,83.0,0.8699902248289345
99.0,84.0,0.8211143695014663
99.0,85.0,0.9579667644183774
99.0,86.0,1.466275659824047
99.0,87.0,1.6959921798631477
99.0,88.0,1.6959921798631477
99.0,89.0,1.6422287390029326
99.0,90.0,1.6715542521994136
99.0,91.0,1.6422287390029326
99.0,92.0,1.6715542521994136
99.0,93.0,1.6422287390029326
99.0,94.0,1.6520039100684263
99.0,95.0,1.6471163245356795
99.0,96.0,1.544477028347996
99.0,97.0,1.544477028347996
99.0,98.0,1.3782991202346042
99.0,99.0,0.9775171065493646
99.0,100.0,0.7771260997067448
99.0,101.0,0.7135874877810362
99.0,102.0,0.7038123167155426
99.0,103.0,0.7429130009775171
99.0,104.0,0.7038123167155426
99.0,105.0,0.7820136852394917
99.0,106.0,0.7820136852394917
99.0,107.0,0.7478005865102639
99.0,108.0,0.83088954056696
99.0,109.0,0.7331378299120235
99.0,110.0,0.7282502443792767
99.0,111.0,0.7282502443792767
99.0,112.0,0.635386119257087
99.0,113.0,0.6451612903225806
99.0,114.0,0.6647116324535679
99.0,115.0,0.6647116324535679
99.0,116.0,0.6647116324535679
100.0,47.0,1.383186705767351
100.0,48.0,1.383186705767351
100.0,49.0,1.383186705767351
100.0,50.0,1.383186705767351
100.0,51.0,1.348973607038123
100.0,52.0,1.3782991202346042
100.0,53.0,1.3685239491691104
100.0,54.0,1.4320625610948192
100.0,55.0,1.4271749755620724
100.0,56.0,1.4271749755620724
100.0,57.0,1.4271749755620724
100.0,58.0,1.4271749755620724
100.0,59.0,1.5933528836754642
100.0,60.0,1.4076246334310851
100.0,61.0,1.4858260019550342
100.0,62.0,1.5640273704789833
100.0,63.0,1.5640273704789833
100.0,64.0,1.573802541544477
100.0,65.0,1.573802541544477
100.0,66.0,1.5689149560117301
100.0,67.0,1.632453567937439
100.0,68.0,1.6031280547409579
100.0,69.0,1.5640273704789833
100.0,70.0,1.412512218963832
100.0,71.0,1.050830889540567
100.0,72.0,1.0361681329423265
100.0,73.0,0.8211143695014663
100.0,74.0,0.7820136852394917
100.0,75.0,0.8260019550342131
100.0,76.0,0.8260019550342131
100.0,77.0,0.8211143695014663
100.0,78.0,0.8211143695014663
100.0,79.0,0.8211143695014663
100.0,80.0,0.8260019550342131
100.0,81.0,0.8211143695014663
100.0,82.0,0.8651026392961877
100.0,83.0,0.9775171065493646
100.0,84.0,1.3440860215053763
100.0,85.0,1.300097751710655
100.0,86.0,1.6666666666666667
100.0,87.0,1.6959921798631477
100.0,88.0,1.6813294232649072
100.0,89.0,1.6422287390029326
100.0,90.0,1.6422287390029326
100.0,91.0,1.6715542521994136
100.0,92.0,1.6422287390029326
100.0,93.0,1.6422287390029326
100.0,94.0,1.66177908113392
100.0,95.0,1.632453567937439
100.0,96.0,1.5933528836754642
100.0,97.0,1.3880742913000979
100.0,98.0,1.2512218963831867
100.0,99.0,0.7869012707722385
100.0,100.0,0.8455522971652004
100.0,101.0,0.7624633431085044
100.0,102.0,0.7135874877810362
100.0,103.0,0.7526881720430108
100.0,104.0,0.7526881720430108
100.0,105.0,0.7038123167155426
100.0,106.0,0.7038123167155426
100.0,107.0,0.7282502443792767
100.0,108.0,0.7526881720430108
100.0,109.0,0.7038123167155426
100.0,110.0,0.6744868035190615
100.0,111.0,0.7331378299120235
100.0,112.0,0.7233626588465298
100.0,113.0,0.7331378299120235
100.0,114.0,0.7038123167155426
100.0,115.0,0.7038123167155426
100.0,116.0,0.6842619745845552
101.0,47.0,1.348973607038123
101.0,48.0,1.3587487781036167
101.0,49.0,1.3636363636363635
101.0,50.0,1.3294232649071358
101.0,51.0,1.6031280547409579
101.0,52.0,1.3294232649071358
101.0,53.0,1.3782991202346042
101.0,54.0,1.3782991202346042
101.0,55.0,1.4076246334310851
101.0,56.0,1.4076246334310851
101.0,57.0,1.4271749755620724
101.0,58.0,1.4271749755620724
101.0,59.0,1.3685239491691104
101.0,60.0,1.4076246334310851
101.0,61.0,1.4858260019550342
101.0,62.0,1.5640273704789833
101.0,63.0,1.5249266862170088
101.0,64.0,1.5640273704789833
101.0,65.0,1.5640273704789833
101.0,66.0,1.6080156402737047
101.0,67.0,1.6080156402737047
101.0,68.0,1.6275659824046922
101.0,69.0,1.6031280547409579
101.0,70.0,1.4956011730205279
101.0,71.0,1.5004887585532747
101.0,72.0,1.1388074291300099
101.0,73.0,0.9384164222873901
101.0,74.0,0.8602150537634409
101.0,75.0,0.8699902248289345
101.0,76.0,0.8211143695014663
101.0,77.0,0.9872922776148583
101.0,78.0,0.8699902248289345
101.0,79.0,0.8699902248289345
101.0,80.0,0.8602150537634409
101.0,81.0,0.8211143695014663
101.0,82.0,0.9384164222873901
101.0,83.0,1.1388074291300099
101.0,84.0,1.1827956989247312
101.0,85.0,1.5835777126099706
101.0,86.0,1.6666666666666667
101.0,87.0,1.6666666666666667
101.0,88.0,1.6764418377321604
101.0,89.0,1.66177908113392
101.0,90.0,1.686217008797654
101.0,91.0,1.6715542521994136
101.0,92.0,1.6715542521994136
101.0,93.0,1.6715542521994136
101.0,94.0,1.6422287390029326
101.0,95.0,1.6422287390029326
101.0,96.0,1.4858260019550342
101.0,97.0,1.1192570869990224
101.0,98.0,1.1143695014662756
101.0,99.0,0.8211143695014663
101.0,100.0,0.7135874877810362
101.0,101.0,0.7820136852394917
101.0,102.0,0.7771260997067448
101.0,103.0,0.7820136852394917
101.0,104.0,0.7038123167155426
101.0,105.0,0.7575757575757576
101.0,106.0,0.7526881720430108
101.0,107.0,0.6647116324535679
101.0,108.0,0.7233626588465298
101.0,109.0,0.6647116324535679
101.0,110.0,0.7086999022482894
101.0,111.0,0.7038123167155426
101.0,112.0,0.6647116324535679
101.0,113.0,0.7086999022482894
101.0,114.0,0.7086999022482894
101.0,115.0,0.6451612903225806
101.0,116.0,0.7038123167155426
102.0,47.0,1.3294232649071358
102.0,48.0,1.2903225806451613
102.0,49.0,1.295210166177908
102.0,50.0,1.3391984359726294
102.0,51.0,1.300097751710655
102.0,52.0,1.3294232649071358
102.0,53.0,1.3587487781036167
102.0,54.0,1.383186705767351
102.0,55.0,1.383186705767351
102.0,56.0,1.4076246334310851
102.0,57.0,1.3391984359726294
102.0,58.0,1.348973607038123
102.0,59.0,1.383186705767351
102.0,60.0,1.3391984359726294
102.0,61.0,1.4271749755620724
102.0,62.0,1.5053763440860215
102.0,63.0,1.5884652981427174
102.0,64.0,1.5640273704789833
102.0,65.0,1.5640273704789833
102.0,66.0,1.5835777126099706
102.0,67.0,1.5835777126099706
102.0,68.0,1.6080156402737047
102.0,69.0,1.6129032258064515
102.0,70.0,1.6031280547409579
102.0,71.0,1.5249266862170088
102.0,72.0,1.295210166177908
102.0,73.0,1.2903225806451613
102.0,74.0,1.0557184750733137
102.0,75.0,0.9384164222873901
102.0,76.0,0.9139784946236559
102.0,77.0,0.8602150537634409
102.0,78.0,0.9139784946236559
102.0,79.0,0.8993157380254154
102.0,80.0,0.9384164222873901
102.0,81.0,0.9579667644183774
102.0,82.0,1.0361681329423265
102.0,83.0,1.4467253176930597
102.0,84.0,1.6422287390029326
102.0,85.0,1.6959921798631477
102.0,86.0,1.6813294232649072
102.0,87.0,1.6422287390029326
102.0,88.0,1.6471163245356795
102.0,89.0,1.6764418377321604
102.0,90.0,1.6422287390029326
102.0,91.0,1.6715542521994136
102.0,92.0,1.6422287390029326
102.0,93.0,1.6813294232649072
102.0,94.0,1.6422287390029326
102.0,95.0,1.6226783968719452
102.0,96.0,1.5053763440860215
102.0,97.0,1.295210166177908
102.0,98.0,0.8944281524926686
102.0,99.0,0.8895405669599218
102.0,100.0,0.7233626588465298
102.0,101.0,0.7233626588465298
102.0,102.0,0.7526881720430108
102.0,103.0,0.7038123167155426
102.0,104.0,0.7038123167155426
102.0,105.0,0.7526881720430108
102.0,106.0,0.7233626588465298
102.0,107.0,0.7282502443792767
102.0,108.0,0.7038123167155426
102.0,109.0,0.7282502443792767
102.0,110.0,0.7038123167155426
102.0,111.0,0.7086999022482894
102.0,112.0,0.7038123167155426
102.0,113.0,0.6256109481915934
102.0,114.0,0.6256109481915934
102.0,115.0,0.6842619745845552
102.0,116.0,0.6647116324535679
103.0,47.0,1.295210166177908
103.0,48.0,1.295210166177908
103.0,49.0,1.2609970674486803
103.0,50.0,1.324535679374389
103.0,51.0,1.2512218963831867
103.0,52.0,1.3294232649071358
103.0,53.0,1.3147605083088953
103.0,54.0,1.3147605083088953
103.0,55.0,1.300097751710655
103.0,56.0,1.3636363636363635
103.0,57.0,1.3587487781036167
103.0,58.0,1.3685239491691104
103.0,59.0,1.3782991202346042
103.0,60.0,1.300097751710655
103.0,61.0,1.300097751710655
103.0,62.0,1.3685239491691104
103.0,63.0,1.5053763440860215
103.0,64.0,1.5640273704789833
103.0,65.0,1.5640273704789833
103.0,66.0,1.5640273704789833
103.0,67.0,1.6031280547409579
103.0,68.0,1.6080156402737047
103.0,69.0,1.632453567937439
103.0,70.0,1.6275659824046922
103.0,71.0,1.6422287390029326
103.0,72.0,1.6520039100684263
103.0,73.0,1.6666666666666667
103.0,74.0,1.6520039100684263
103.0,75.0,1.6226783968719452
103.0,76.0,1.6226783968719452
103.0,77.0,1.6031280547409579
103.0,78.0,1.6031280547409579
103.0,79.0,1.6080156402737047
103.0,80.0,1.6471163245356795
103.0,81.0,1.715542521994135
103.0,82.0,1.7350928641251222
103.0,83.0,1.7204301075268817
103.0,84.0,1.6911045943304008
103.0,85.0,1.6911045943304008
103.0,86.0,1.6764418377321604
103.0,87.0,1.6764418377321604
103.0,88.0,1.6422287390029326
103.0,89.0,1.6715542521994136
103.0,90.0,1.6715542521994136
103.0,91.0,1.6422287390029326
103.0,92.0,1.6520039100684263
103.0,93.0,1.6226783968719452
103.0,94.0,1.6031280547409579
103.0,95.0,1.4565004887585533
103.0,96.0,1.2072336265884653
103.0,97.0,1.1730205278592376
103.0,98.0,0.9384164222873901
103.0,99.0,0.7820136852394917
103.0,100.0,0.7820136852394917
103.0,101.0,0.7429130009775171
103.0,102.0,0.7429130009775171
103.0,103.0,0.7526881720430108
103.0,104.0,0.7038123167155426
103.0,105.0,0.7086999022482894
103.0,106.0,0.7038123167155426
103.0,107.0,0.7282502443792767
103.0,108.0,0.7282502443792767
103.0,109.0,0.7331378299120235
103.0,110.0,0.7282502443792767
103.0,111.0,0.7038123167155426
103.0,112.0,0.7086999022482894
103.0,113.0,0.6647116324535679
103.0,114.0,0.7086999022482894
103.0,115.0,0.7038123167155426
103.0,116.0,0.6256109481915934
104.0,47.0,1.2512218963831867
104.0,48.0,1.2756598240469208
104.0,49.0,1.2756598240469208
104.0,50.0,1.2756598240469208
104.0,51.0,1.2512218963831867
104.0,52.0,1.2512218963831867
104.0,53.0,1.295210166177908
104.0,54.0,1.295210166177908
104.0,55.0,1.295210166177908
104.0,56.0,1.3147605083088953
104.0,57.0,1.3782991202346042
104.0,58.0,1.3685239491691104
104.0,59.0,1.383186705767351
104.0,60.0,1.348973607038123
104.0,61.0,1.3294232649071358
104.0,62.0,1.3880742913000979
104.0,63.0,1.544477028347996
104.0,64.0,1.5053763440860215
104.0,65.0,1.5640273704789833
104.0,66.0,1.573802541544477
104.0,67.0,1.5884652981427174
104.0,68.0,1.5835777126099706
104.0,69.0,1.6177908113391983
104.0,70.0,1.6422287390029326
104.0,71.0,1.6422287390029326
104.0,72.0,1.6520039100684263
104.0,73.0,1.6715542521994136
104.0,74.0,1.6813294232649072
104.0,75.0,1.686217008797654
104.0,76.0,1.7204301075268817
104.0,77.0,1.715542521994135
104.0,78.0,1.7008797653958945
104.0,79.0,1.715542521994135
104.0,80.0,1.739980449657869
104.0,81.0,1.7350928641251222
104.0,82.0,1.7350928641251222
104.0,83.0,1.6959921798631477
104.0,84.0,2.0234604105571847
104.0,85.0,1.6715542521994136
104.0,86.0,1.6177908113391983
104.0,87.0,1.6520039100684263
104.0,88.0,1.6520039100684263
104.0,89.0,1.6520039100684263
104.0,90.0,1.6471163245356795
104.0,91.0,1.6226783968719452
104.0,92.0,1.6422287390029326
104.0,93.0,1.632453567937439
104.0,94.0,1.5933528836754642
104.0,95.0,1.5835777126099706
104.0,96.0,1.2903225806451613
104.0,97.0,0.8699902248289345
104.0,98.0,0.8699902248289345
104.0,99.0,0.7771260997067448
104.0,100.0,0.7820136852394917
104.0,101.0,0.7429130009775171
104.0,102.0,0.7526881720430108
104.0,103.0,0.7038123167155426
104.0,104.0,0.7038123167155426
104.0,105.0,0.7038123167155426
104.0,106.0,0.7331378299120235
104.0,107.0,0.7233626588465298
104.0,108.0,0.7038123167155426
104.0,109.0,0.7038123167155426
104.0,110.0,0.7282502443792767
104.0,111.0,0.6647116324535679
104.0,112.0,0.6256109481915934
104.0,113.0,0.6842619745845552
104.0,114.0,0.7038123167155426
104.0,115.0,0.6842619745845552
104.0,116.0,0.6647116324535679
105.0,47.0,1.2512218963831867
105.0,48.0,1.2512218963831867
105.0,49.0,1.2512218963831867
105.0,50.0,1.2512218963831867
105.0,51.0,1.2561094819159335
105.0,52.0,1.2512218963831867
105.0,53.0,1.2512218963831867
105.0,54.0,1.3098729227761485
105.0,55.0,1.3294232649071358
105.0,56.0,1.3587487781036167
105.0,57.0,1.383186705767351
105.0,58.0,1.4076246334310851
105.0,59.0,1.6813294232649072
105.0,60.0,1.3880742913000979
105.0,61.0,1.3685239491691104
105.0,62.0,1.2903225806451613
105.0,63.0,1.466275659824047
105.0,64.0,1.5640273704789833
105.0,65.0,1.5640273704789833
105.0,66.0,1.5298142717497556
105.0,67.0,1.5640273704789833
105.0,68.0,1.5835777126099706
105.0,69.0,1.6080156402737047
105.0,70.0,1.6031280547409579
105.0,71.0,1.6275659824046922
105.0,72.0,1.6226783968719452
105.0,73.0,1.6520039100684263
105.0,74.0,1.6226783968719452
105.0,75.0,1.6715542521994136
105.0,76.0,1.66177908113392
105.0,77.0,1.6959921798631477
105.0,78.0,1.6959921798631477
105.0,79.0,1.6911045943304008
105.0,80.0,1.66177908113392
105.0,81.0,1.6813294232649072
105.0,82.0,1.6959921798631477
105.0,83.0,1.6715542521994136
105.0,84.0,1.6520039100684263
105.0,85.0,1.6226783968719452
105.0,86.0,1.6520039100684263
105.0,87.0,1.6422287390029326
105.0,88.0,1.6226783968719452
105.0,89.0,1.6422287390029326
105.0,90.0,1.6520039100684263
105.0,91.0,1.6520039100684263
105.0,92.0,1.6226783968719452
105.0,93.0,1.6031280547409579
105.0,94.0,1.5640273704789833
105.0,95.0,1.5249266862170088
105.0,96.0,1.3391984359726294
105.0,97.0,0.9335288367546432
105.0,98.0,0.8602150537634409
105.0,99.0,0.7820136852394917
105.0,100.0,0.7429130009775171
105.0,101.0,0.7038123167155426
105.0,102.0,0.7038123167155426
105.0,103.0,0.7526881720430108
105.0,104.0,0.7526881720430108
105.0,105.0,0.6842619745845552
105.0,106.0,0.7282502443792767
105.0,107.0,0.7038123167155426
105.0,108.0,0.7038123167155426
105.0,109.0,0.7282502443792767
105.0,110.0,0.6451612903225806
105.0,111.0,0.8651026392961877
105.0,112.0,0.7331378299120235
105.0,113.0,0.6744868035190615
105.0,114.0,0.7038123167155426
105.0,115.0,0.6256109481915934
105.0,116.0,0.6891495601173021
106.0,47.0,1.2512218963831867
106.0,48.0,1.2561094819159335
106.0,49.0,1.2512218963831867
106.0,50.0,1.2512218963831867
106.0,51.0,1.3587487781036167
106.0,52.0,1.2121212121212122
106.0,53.0,1.2512218963831867
106.0,54.0,1.2756598240469208
106.0,55.0,1.2512218963831867
106.0,56.0,1.2023460410557185
106.0,57.0,1.2561094819159335
106.0,58.0,1.2512218963831867
106.0,59.0,1.2512218963831867
106.0,60.0,1.2512218963831867
106.0,61.0,1.2561094819159335
106.0,62.0,1.2512218963831867
106.0,63.0,1.348973607038123
106.0,64.0,1.4467253176930597
106.0,65.0,1.5640273704789833
106.0,66.0,1.5640273704789833
106.0,67.0,1.5835777126099706
106.0,68.0,1.5640273704789833
106.0,69.0,1.5835777126099706
106.0,70.0,1.6080156402737047
106.0,71.0,1.573802541544477
106.0,72.0,1.6275659824046922
106.0,73.0,1.6031280547409579
106.0,74.0,1.6520039100684263
106.0,75.0,1.6226783968719452
106.0,76.0,1.6422287390029326
106.0,77.0,1.6520039100684263
106.0,78.0,1.6422287390029326
106.0,79.0,1.6520039100684263
106.0,80.0,1.6422287390029326
106.0,81.0,1.6520039100684263
106.0,82.0,1.6226783968719452
106.0,83.0,1.656891495601173
106.0,84.0,1.6226783968719452
106.0,85.0,1.6226783968719452
106.0,86.0,1.6422287390029326
106.0,87.0,1.6520039100684263
106.0,88.0,1.6226783968719452
106.0,89.0,1.6471163245356795
106.0,90.0,1.632453567937439
106.0,91.0,1.573802541544477
106.0,92.0,1.8572825024437927
106.0,93.0,1.5591397849462365
106.0,94.0,1.3587487781036167
106.0,95.0,0.9384164222873901
106.0,96.0,0.8260019550342131
106.0,97.0,0.8211143695014663
106.0,98.0,0.7429130009775171
106.0,99.0,0.7429130009775171
106.0,100.0,0.7429130009775171
106.0,101.0,0.7771260997067448
106.0,102.0,0.7038123167155426
106.0,103.0,0.7526881720430108
106.0,104.0,0.7429130009775171
106.0,105.0,0.7331378299120235
106.0,106.0,0.7038123167155426
106.0,107.0,0.8504398826979472
106.0,108.0,0.7282502443792767
106.0,109.0,0.7331378299120235
106.0,110.0,0.7282502443792767
106.0,111.0,0.7038123167155426
106.0,112.0,0.6256109481915934
106.0,113.0,0.7331378299120235
106.0,114.0,0.6842619745845552
106.0,115.0,0.6647116324535679
106.0,116.0,0.6598240469208211
107.0,47.0,1.1925708699902249
107.0,48.0,1.1730205278592376
107.0,49.0,1.1730205278592376
107.0,50.0,1.2072336265884653
107.0,51.0,1.1730205278592376
107.0,52.0,1.1827956989247312
107.0,53.0,1.2072336265884653
107.0,54.0,1.2072336265884653
107.0,55.0,1.1730205278592376
107.0,56.0,1.2072336265884653
107.0,57.0,1.1730205278592376
107.0,58.0,1.187683284457478
107.0,59.0,1.133919843597263
107.0,60.0,1.295210166177908
107.0,61.0,1.2072336265884653
107.0,62.0,1.1730205278592376
107.0,63.0,1.2121212121212122
107.0,64.0,1.2512218963831867
107.0,65.0,1.4076246334310851
107.0,66.0,1.5053763440860215
107.0,67.0,1.5689149560117301
107.0,68.0,1.5591397849462365
107.0,69.0,1.5640273704789833
107.0,70.0,1.6031280547409579
107.0,71.0,1.6031280547409579
107.0,72.0,1.573802541544477
107.0,73.0,1.573802541544477
107.0,74.0,1.6031280547409579
107.0,75.0,1.6226783968719452
107.0,76.0,1.632453567937439
107.0,77.0,1.6031280547409579
107.0,78.0,1.6275659824046922
107.0,79.0,1.5933528836754642
107.0,80.0,1.6520039100684263
107.0,81.0,1.6422287390029326
107.0,82.0,1.6422287390029326
107.0,83.0,1.5933528836754642
107.0,84.0,1.6226783968719452
107.0,85.0,1.632453567937439
107.0,86.0,1.6226783968719452
107.0,87.0,1.6226783968719452
107.0,88.0,1.6031280547409579
107.0,89.0,1.632453567937439
107.0,90.0,1.6275659824046922
107.0,91.0,1.5835777126099706
107.0,92.0,1.436950146627566
107.0,93.0,1.2316715542521994
107.0,94.0,1.1925708699902249
107.0,95.0,0.8211143695014663
107.0,96.0,0.7771260997067448
107.0,97.0,0.7526881720430108
107.0,98.0,0.7526881720430108
107.0,99.0,0.7820136852394917
107.0,100.0,0.7771260997067448
107.0,101.0,0.7233626588465298
107.0,102.0,0.7526881720430108
107.0,103.0,0.7038123167155426
107.0,104.0,0.7038123167155426
107.0,105.0,0.7526881720430108
107.0,106.0,0.7331378299120235
107.0,107.0,0.7233626588465298
107.0,108.0,0.7282502443792767
107.0,109.0,0.635386119257087
107.0,110.0,0.6647116324535679
107.0,111.0,0.6842619745845552
107.0,112.0,0.7086999022482894
107.0,113.0,0.6842619745845552
107.0,114.0,0.7135874877810362
107.0,115.0,0.6842619745845552
107.0,116.0,0.7429130009775171
108.0,47.0,1.1241446725317692
108.0,48.0,1.1192570869990224
108.0,49.0,1.133919843597263
108.0,50.0,1.1436950146627567
108.0,51.0,1.1436950146627567
108.0,52.0,1.1436950146627567
108.0,53.0,1.187683284457478
108.0,54.0,1.163245356793744
108.0,55.0,1.163245356793744
108.0,56.0,1.4858260019550342
108.0,57.0,1.1388074291300099
108.0,58.0,1.1730205278592376
108.0,59.0,1.1827956989247312
108.0,60.0,1.187683284457478
108.0,61.0,1.1730205278592376
108.0,62.0,1.1730205278592376
108.0,63.0,1.133919843597263
108.0,64.0,1.1730205278592376
108.0,65.0,1.187683284457478
108.0,66.0,1.3098729227761485
108.0,67.0,1.4760508308895406
108.0,68.0,1.5053763440860215
108.0,69.0,1.544477028347996
108.0,70.0,1.5640273704789833
108.0,71.0,1.5640273704789833
108.0,72.0,1.6031280547409579
108.0,73.0,1.6080156402737047
108.0,74.0,1.6031280547409579
108.0,75.0,1.6031280547409579
108.0,76.0,1.573802541544477
108.0,77.0,1.6080156402737047
108.0,78.0,1.573802541544477
108.0,79.0,1.6031280547409579
108.0,80.0,1.6422287390029326
108.0,81.0,1.6031280547409579
108.0,82.0,1.632453567937439
108.0,83.0,1.6031280547409579
108.0,84.0,1.6031280547409579
108.0,85.0,1.573802541544477
108.0,86.0,1.6080156402737047
108.0,87.0,1.5689149560117301
108.0,88.0,1.5640273704789833
108.0,89.0,1.5395894428152492
108.0,90.0,1.4516129032258065
108.0,91.0,1.4271749755620724
108.0,92.0,1.2512218963831867
108.0,93.0,0.9775171065493646
108.0,94.0,0.8211143695014663
108.0,95.0,0.7820136852394917
108.0,96.0,0.7429130009775171
108.0,97.0,0.7233626588465298
108.0,98.0,0.7135874877810362
108.0,99.0,0.7575757575757576
108.0,100.0,0.6842619745845552
108.0,101.0,0.7429130009775171
108.0,102.0,0.7038123167155426
108.0,103.0,0.7331378299120235
108.0,104.0,0.7233626588465298
108.0,105.0,0.7282502443792767
108.0,106.0,0.7038123167155426
108.0,107.0,0.7282502443792767
108.0,108.0,0.7135874877810362
108.0,109.0,0.6647116324535679
108.0,110.0,0.7086999022482894
108.0,111.0,0.6647116324535679
108.0,112.0,0.6647116324535679
108.0,113.0,0.6256109481915934
108.0,114.0,0.6256109481915934
108.0,115.0,0.7038123167155426
108.0,116.0,0.6402737047898338
109.0,47.0,1.1143695014662756
109.0,48.0,1.0948191593352883
109.0,49.0,1.0948191593352883
109.0,50.0,1.075268817204301
109.0,51.0,1.0557184750733137
109.0,52.0,1.0948191593352883
109.0,53.0,1.1436950146627567
109.0,54.0,1.0948191593352883
109.0,55.0,1.133919843597263
109.0,56.0,1.133919843597263
109.0,57.0,1.1436950146627567
109.0,58.0,1.133919843597263
109.0,59.0,1.1681329423264908
109.0,60.0,1.1436950146627567
109.0,61.0,1.1192570869990224
109.0,62.0,1.1143695014662756
109.0,63.0,1.0166177908113392
109.0,64.0,1.0166177908113392
109.0,65.0,1.1436950146627567
109.0,66.0,1.1436950146627567
109.0,67.0,1.3098729227761485
109.0,68.0,1.4516129032258065
109.0,69.0,1.5151515151515151
109.0,70.0,1.5640273704789833
109.0,71.0,1.5640273704789833
109.0,72.0,1.5640273704789833
109.0,73.0,1.5835777126099706
109.0,74.0,1.5884652981427174
109.0,75.0,1.5835777126099706
109.0,76.0,1.573802541544477
109.0,77.0,1.6031280547409579
109.0,78.0,1.573802541544477
109.0,79.0,1.6080156402737047
109.0,80.0,1.573802541544477
109.0,81.0,1.573802541544477
109.0,82.0,1.573802541544477
109.0,83.0,1.6080156402737047
109.0,84.0,1.6031280547409579
109.0,85.0,1.6080156402737047
109.0,86.0,1.5640273704789833
109.0,87.0,1.544477028347996
109.0,88.0,1.4516129032258065
109.0,89.0,1.4516129032258065
109.0,90.0,1.3294232649071358
109.0,91.0,1.0948191593352883
109.0,92.0,0.9090909090909091
109.0,93.0,0.7820136852394917
109.0,94.0,0.7135874877810362
109.0,95.0,0.6842619745845552
109.0,96.0,0.7233626588465298
109.0,97.0,0.7820136852394917
109.0,98.0,0.7820136852394917
109.0,99.0,0.7820136852394917
109.0,100.0,0.7038123167155426
109.0,101.0,0.7526881720430108
109.0,102.0,0.7038123167155426
109.0,103.0,0.7282502443792767
109.0,104.0,0.7526881720430108
109.0,105.0,0.7038123167155426
109.0,106.0,0.7575757575757576
109.0,107.0,0.7526881720430108
109.0,108.0,0.6647116324535679
109.0,109.0,0.6647116324535679
109.0,110.0,0.6891495601173021
109.0,111.0,0.6256109481915934
109.0,112.0,0.6842619745845552
109.0,113.0,0.6451612903225806
109.0,114.0,0.8602150537634409
109.0,115.0,0.7086999022482894
109.0,116.0,0.6647116324535679
110.0,47.0,0.9970674486803519
110.0,48.0,1.0166177908113392
110.0,49.0,1.0361681329423265
110.0,50.0,1.0263929618768328
110.0,51.0,1.0703812316715542
110.0,52.0,1.2512218963831867
110.0,53.0,1.0703812316715542
110.0,54.0,1.0703812316715542
110.0,55.0,1.075268817204301
110.0,56.0,1.0166177908113392
110.0,57.0,0.9872922776148583
110.0,58.0,1.04594330400782
110.0,59.0,1.050830889540567
110.0,60.0,1.04594330400782
110.0,61.0,1.050830889540567
110.0,62.0,0.9775171065493646
110.0,63.0,0.8993157380254154
110.0,64.0,0.9579667644183774
110.0,65.0,0.8797653958944281
110.0,66.0,1.0166177908113392
110.0,67.0,1.187683284457478
110.0,68.0,1.3440860215053763
110.0,69.0,1.3391984359726294
110.0,70.0,1.4271749755620724
110.0,71.0,1.4858260019550342
110.0,72.0,1.5689149560117301
110.0,73.0,1.5640273704789833
110.0,74.0,1.5640273704789833
110.0,75.0,1.5835777126099706
110.0,76.0,1.959921798631476
110.0,77.0,1.5884652981427174
110.0,78.0,1.5640273704789833
110.0,79.0,1.5835777126099706
110.0,80.0,1.6031280547409579
110.0,81.0,1.6129032258064515
110.0,82.0,1.6080156402737047
110.0,83.0,1.5884652981427174
110.0,84.0,1.5640273704789833
110.0,85.0,1.544477028347996
110.0,86.0,1.5249266862170088
110.0,87.0,1.847507331378299
110.0,88.0,1.4076246334310851
110.0,89.0,1.270772238514174
110.0,90.0,1.2756598240469208
110.0,91.0,1.0557184750733137
110.0,92.0,0.7820136852394917
110.0,93.0,0.8260019550342131
110.0,94.0,0.7820136852394917
110.0,95.0,0.7771260997067448
110.0,96.0,0.7771260997067448
110.0,97.0,0.7820136852394917
110.0,98.0,0.7820136852394917
110.0,99.0,0.7820136852394917
110.0,100.0,0.7526881720430108
110.0,101.0,0.7038123167155426
110.0,102.0,0.7820136852394917
110.0,103.0,0.6647116324535679
110.0,104.0,0.7526881720430108
110.0,105.0,0.7233626588465298
110.0,106.0,0.7429130009775171
110.0,107.0,0.7086999022482894
110.0,108.0,0.7038123167155426
110.0,109.0,0.7038123167155426
110.0,110.0,0.7038123167155426
110.0,111.0,0.6891495601173021
110.0,112.0,0.6256109481915934
110.0,113.0,0.6842619745845552
110.0,114.0,0.6842619745845552
110.0,115.0,0.6842619745845552
110.0,116.0,0.6842619745845552
111.0,47.0,0.9188660801564027
111.0,48.0,0.8602150537634409
111.0,49.0,0.9384164222873901
111.0,50.0,0.8602150537634409
111.0,51.0,0.9384164222873901
111.0,52.0,0.9384164222873901
111.0,53.0,1.0703812316715542
111.0,54.0,0.9384164222873901
111.0,55.0,0.8064516129032258
111.0,56.0,0.9384164222873901
111.0,57.0,0.8797653958944281
111.0,58.0,0.9384164222873901
111.0,59.0,0.9384164222873901
111.0,60.0,0.9384164222873901
111.0,61.0,0.9335288367546432
111.0,62.0,0.9579667644183774
111.0,63.0,0.9384164222873901
111.0,64.0,0.8944281524926686
111.0,65.0,0.8699902248289345
111.0,66.0,0.8602150537634409
111.0,67.0,0.8602150537634409
111.0,68.0,1.0948191593352883
111.0,69.0,1.2561094819159335
111.0,70.0,1.2512218963831867
111.0,71.0,1.270772238514174
111.0,72.0,1.3294232649071358
111.0,73.0,1.4809384164222874
111.0,74.0,1.4467253176930597
111.0,75.0,1.5151515151515151
111.0,76.0,1.544477028347996
111.0,77.0,1.5640273704789833
111.0,78.0,1.5640273704789833
111.0,79.0,1.5249266862170088
111.0,80.0,1.5640273704789833
111.0,81.0,1.5640273704789833
111.0,82.0,1.4858260019550342
111.0,83.0,1.520039100684262
111.0,84.0,1.4467253176930597
111.0,85.0,1.3636363636363635
111.0,86.0,1.3147605083088953
111.0,87.0,1.1827956989247312
111.0,88.0,1.1730205278592376
111.0,89.0,1.0166177908113392
111.0,90.0,0.8602150537634409
111.0,91.0,0.8504398826979472
111.0,92.0,0.7820136852394917
111.0,93.0,0.7771260997067448
111.0,94.0,0.7233626588465298
111.0,95.0,0.7820136852394917
111.0,96.0,0.7771260997067448
111.0,97.0,0.7429130009775171
111.0,98.0,0.8260019550342131
111.0,99.0,0.7771260997067448
111.0,100.0,0.7526881720430108
111.0,101.0,0.7429130009775171
111.0,102.0,0.7038123167155426
111.0,103.0,0.7038123167155426
111.0,104.0,0.7575757575757576
111.0,105.0,0.7038123167155426
111.0,106.0,0.6451612903225806
111.0,107.0,0.7282502443792767
111.0,108.0,0.7038123167155426
111.0,109.0,0.7086999022482894
111.0,110.0,0.6451612903225806
111.0,111.0,0.6842619745845552
111.0,112.0,0.6256109481915934
111.0,113.0,0.6647116324535679
111.0,114.0,0.6598240469208211
111.0,115.0,0.6647116324535679
111.0,116.0,0.6256109481915934
112.0,47.0,0.8895405669599218
112.0,48.0,0.8602150537634409
112.0,49.0,0.8944281524926686
112.0,50.0,0.8602150537634409
112.0,51.0,0.9042033235581622
112.0,52.0,0.8211143695014663
112.0,53.0,0.9579667644183774
112.0,54.0,0.9139784946236559
112.0,55.0,0.8602150537634409
112.0,56.0,0.8602150537634409
112.0,57.0,0.9090909090909091
112.0,58.0,0.8944281524926686
112.0,59.0,0.8797653958944281
112.0,60.0,0.8895405669599218
112.0,61.0,0.8602150537634409
112.0,62.0,0.8504398826979472
112.0,63.0,0.7820136852394917
112.0,64.0,0.7820136852394917
112.0,65.0,0.8015640273704789
112.0,66.0,0.8260019550342131
112.0,67.0,0.8260019550342131
112.0,68.0,0.8260019550342131
112.0,69.0,0.9139784946236559
112.0,70.0,1.0263929618768328
112.0,71.0,1.1192570869990224
112.0,72.0,1.0654936461388074
112.0,73.0,1.163245356793744
112.0,74.0,1.1827956989247312
112.0,75.0,1.300097751710655
112.0,76.0,1.2512218963831867
112.0,77.0,1.295210166177908
112.0,78.0,1.3587487781036167
112.0,79.0,1.598240469208211
112.0,80.0,1.3636363636363635
112.0,81.0,1.3294232649071358
112.0,82.0,1.295210166177908
112.0,83.0,1.187683284457478
112.0,84.0,1.0948191593352883
112.0,85.0,1.0948191593352883
112.0,86.0,0.9775171065493646
112.0,87.0,0.8895405669599218
112.0,88.0,0.7820136852394917
112.0,89.0,0.8211143695014663
112.0,90.0,0.8015640273704789
112.0,91.0,0.7820136852394917
112.0,92.0,0.6647116324535679
112.0,93.0,0.7331378299120235
112.0,94.0,0.7820136852394917
112.0,95.0,0.7771260997067448
112.0,96.0,0.7429130009775171
112.0,97.0,0.7526881720430108
112.0,98.0,0.7429130009775171
112.0,99.0,0.7233626588465298
112.0,100.0,0.7282502443792767
112.0,101.0,0.7575757575757576
112.0,102.0,0.7233626588465298
112.0,103.0,0.7233626588465298
112.0,104.0,0.7038123167155426
112.0,105.0,0.7038123167155426
112.0,106.0,0.6891495601173021
112.0,107.0,0.7820136852394917
112.0,108.0,0.7086999022482894
112.0,109.0,0.6451612903225806
112.0,110.0,0.7086999022482894
112.0,111.0,0.7038123167155426
112.0,112.0,0.6451612903225806
112.0,113.0,0.6842619745845552
112.0,114.0,0.6256109481915934
112.0,115.0,0.6647116324535679
112.0,116.0,0.6256109481915934
113.0,47.0,0.8015640273704789
113.0,48.0,0.8015640273704789
113.0,49.0,0.7820136852394917
113.0,50.0,0.8260019550342131
113.0,51.0,0.7820136852394917
113.0,52.0,0.7771260997067448
113.0,53.0,0.7038123167155426
113.0,54.0,0.7526881720430108
113.0,55.0,0.7820136852394917
113.0,56.0,0.7820136852394917
113.0,57.0,0.7526881720430108
113.0,58.0,0.7233626588465298
113.0,59.0,0.8015640273704789
113.0,60.0,0.7820136852394917
113.0,61.0,0.7233626588465298
113.0,62.0,0.7233626588465298
113.0,63.0,0.6842619745845552
113.0,64.0,0.7820136852394917
113.0,65.0,0.7771260997067448
113.0,66.0,0.7771260997067448
113.0,67.0,0.7820136852394917
113.0,68.0,0.7820136852394917
113.0,69.0,0.7820136852394917
113.0,70.0,0.8211143695014663
113.0,71.0,0.8699902248289345
113.0,72.0,0.8993157380254154
113.0,73.0,1.104594330400782
113.0,74.0,0.8993157380254154
113.0,75.0,0.9775171065493646
113.0,76.0,1.0263929618768328
113.0,77.0,1.075268817204301
113.0,78.0,1.0703812316715542
113.0,79.0,1.0948191593352883
113.0,80.0,1.0263929618768328
113.0,81.0,1.050830889540567
113.0,82.0,1.04594330400782
113.0,83.0,0.8602150537634409
113.0,84.0,0.8211143695014663
113.0,85.0,0.8602150537634409
113.0,86.0,0.8211143695014663
113.0,87.0,0.7429130009775171
113.0,88.0,0.7429130009775171
113.0,89.0,0.7526881720430108
113.0,90.0,0.7820136852394917
113.0,91.0,0.7233626588465298
113.0,92.0,0.7135874877810362
113.0,93.0,0.7038123167155426
113.0,94.0,0.7820136852394917
113.0,95.0,0.7771260997067448
113.0,96.0,0.7820136852394917
113.0,97.0,0.7820136852394917
113.0,98.0,0.7038123167155426
113.0,99.0,0.7233626588465298
113.0,100.0,0.7429130009775171
113.0,101.0,0.7526881720430108
113.0,102.0,0.7038123167155426
113.0,103.0,0.7331378299120235
113.0,104.0,0.7282502443792767
113.0,105.0,0.7233626588465298
113.0,106.0,0.6451612903225806
113.0,107.0,0.7331378299120235
113.0,108.0,0.7282502443792767
113.0,109.0,0.6647116324535679
113.0,110.0,0.6647116324535679
113.0,111.0,0.6256109481915934
113.0,112.0,0.6598240469208211
113.0,113.0,0.6598240469208211
113.0,114.0,0.6256109481915934
113.0,115.0,0.6256109481915934
113.0,116.0,0.6451612903225806
